지점,지점명,일시,평균기온(°C),최저기온(°C),최고기온(°C)
155,창원,2006-01-01,4.6,-.4,9.9
155,창원,2006-01-02,5,2.3,8.7
155,창원,2006-01-03,2.8,0,7.4
155,창원,2006-01-04,1,-1.5,2.8
155,창원,2006-01-05,-1.7,-4.8,1.8
155,창원,2006-01-06,-2.6,-4.6,1.3
155,창원,2006-01-07,-2.4,-6.1,1.7
155,창원,2006-01-08,-.1,-4,5.1
155,창원,2006-01-09,1.6,-1.9,7
155,창원,2006-01-10,2.8,-2.1,8.5
155,창원,2006-01-11,2.9,-.6,7.6
155,창원,2006-01-12,4.8,-1,9.8
155,창원,2006-01-13,6.7,4.4,8.6
155,창원,2006-01-14,7.6,6,8.6
155,창원,2006-01-15,5.3,3.1,8.7
155,창원,2006-01-16,4.1,1.7,5.6
155,창원,2006-01-17,5.8,1.7,8.8
155,창원,2006-01-18,6.5,4.8,10
155,창원,2006-01-19,5.1,3.7,7.1
155,창원,2006-01-20,4.8,2.2,7.8
155,창원,2006-01-21,4.2,1.2,8.5
155,창원,2006-01-22,3,-.9,8.2
155,창원,2006-01-23,.8,-3.5,6.5
155,창원,2006-01-24,1.6,-1.8,7.3
155,창원,2006-01-25,3.4,-1.1,7.6
155,창원,2006-01-26,4.1,.3,9.4
155,창원,2006-01-27,3.8,.3,8.6
155,창원,2006-01-28,4.1,-.6,9.4
155,창원,2006-01-29,6.8,1.7,10.7
155,창원,2006-01-30,8.6,5,11.5
155,창원,2006-01-31,7.4,6.4,9.9
155,창원,2006-02-01,5.6,1.4,10.6
155,창원,2006-02-02,3.3,.6,7.6
155,창원,2006-02-03,-2.5,-6.9,2.5
155,창원,2006-02-04,-3.7,-8.8,1.4
155,창원,2006-02-05,-1,-6.3,4
155,창원,2006-02-06,.1,-1.9,2.8
155,창원,2006-02-07,2.8,.4,5.7
155,창원,2006-02-08,-1.5,-4.6,1.5
155,창원,2006-02-09,-1.8,-6,3.5
155,창원,2006-02-10,1.8,-4.2,7.9
155,창원,2006-02-11,3.7,-1.5,10.2
155,창원,2006-02-12,2.2,-1.3,8
155,창원,2006-02-13,6.3,-2.2,12.2
155,창원,2006-02-14,12.1,8.9,16.2
155,창원,2006-02-15,7,4.7,10.1
155,창원,2006-02-16,6.3,3.4,10.6
155,창원,2006-02-17,.2,-2.3,3.4
155,창원,2006-02-18,1.4,-2.6,6.2
155,창원,2006-02-19,4.2,.4,9.8
155,창원,2006-02-20,6.8,1.3,12.7
155,창원,2006-02-21,7.9,2.9,13.8
155,창원,2006-02-22,6.3,4.7,8.2
155,창원,2006-02-23,6,1.4,12.2
155,창원,2006-02-24,7.6,4.5,12.7
155,창원,2006-02-25,6.6,2.6,11.3
155,창원,2006-02-26,8.4,2.8,14.5
155,창원,2006-02-27,4.2,-.7,10.2
155,창원,2006-02-28,3.8,1.9,6.5
155,창원,2006-03-01,3.2,1.2,6.2
155,창원,2006-03-02,2.9,.3,6.6
155,창원,2006-03-03,2.7,-1.5,7.9
155,창원,2006-03-04,5,-.8,9.7
155,창원,2006-03-05,10,3.5,14.8
155,창원,2006-03-06,11.3,7.9,15.8
155,창원,2006-03-07,11,6.8,16.3
155,창원,2006-03-08,10.5,6.8,16
155,창원,2006-03-09,9.7,6.9,12.8
155,창원,2006-03-10,10.3,5.1,17.3
155,창원,2006-03-11,11.6,7.2,16.6
155,창원,2006-03-12,2.6,-3.9,10.2
155,창원,2006-03-13,.1,-5.8,6.6
155,창원,2006-03-14,3.9,-.8,9.3
155,창원,2006-03-15,7.5,.6,13.1
155,창원,2006-03-16,5.3,2.6,8.7
155,창원,2006-03-17,9.6,3.6,16.5
155,창원,2006-03-18,9.4,8,10.9
155,창원,2006-03-19,7.5,3.7,12.5
155,창원,2006-03-20,7.8,1.5,14.6
155,창원,2006-03-21,10.5,5.6,15.8
155,창원,2006-03-22,11,7.5,16.8
155,창원,2006-03-23,10.5,7.9,16.5
155,창원,2006-03-24,8.4,3.1,14.2
155,창원,2006-03-25,10.8,4.1,17.8
155,창원,2006-03-26,11.6,7.7,16.6
155,창원,2006-03-27,10.8,5.7,16.7
155,창원,2006-03-28,5.8,1.7,10.4
155,창원,2006-03-29,6.4,-.7,13.1
155,창원,2006-03-30,9,5.2,14.3
155,창원,2006-03-31,8.4,2.9,13.8
155,창원,2006-04-01,11.9,8.3,13.7
155,창원,2006-04-02,13.2,8,17.2
155,창원,2006-04-03,13.4,5.6,20.9
155,창원,2006-04-04,11.3,9.9,13.6
155,창원,2006-04-05,11.7,9.8,15.9
155,창원,2006-04-06,10.8,8.6,14.2
155,창원,2006-04-07,12.9,6.6,18.5
155,창원,2006-04-08,15.2,11.6,21.9
155,창원,2006-04-09,12.6,9.7,16.7
155,창원,2006-04-10,13.4,11.5,14.4
155,창원,2006-04-11,13.6,12.2,14.7
155,창원,2006-04-12,14.5,10.8,20.1
155,창원,2006-04-13,10.1,8.2,12.5
155,창원,2006-04-14,10.4,6.1,16.3
155,창원,2006-04-15,10,6.9,14.5
155,창원,2006-04-16,11.3,7,16.9
155,창원,2006-04-17,12,6.1,18.2
155,창원,2006-04-18,16,10.8,19.7
155,창원,2006-04-19,13.6,7,16.6
155,창원,2006-04-20,10.1,5.9,13.9
155,창원,2006-04-21,12.4,6.6,18.7
155,창원,2006-04-22,11.3,9.2,13.3
155,창원,2006-04-23,13.8,8.1,20.6
155,창원,2006-04-24,13.7,6.8,19.8
155,창원,2006-04-25,13.6,7.7,19.5
155,창원,2006-04-26,13.3,10.8,16.6
155,창원,2006-04-27,14.2,9.3,19.3
155,창원,2006-04-28,14.9,9.6,20.7
155,창원,2006-04-29,13.3,10.1,16.8
155,창원,2006-04-30,17.3,11.7,23.7
155,창원,2006-05-01,17.9,14,23.7
155,창원,2006-05-02,15.9,11.5,20.6
155,창원,2006-05-03,12.6,9.2,18.3
155,창원,2006-05-04,16.3,9.4,23.1
155,창원,2006-05-05,19,16,22.9
155,창원,2006-05-06,17.2,16.1,18.9
155,창원,2006-05-07,16.4,14.3,20.3
155,창원,2006-05-08,17.5,14.2,21.4
155,창원,2006-05-09,16.2,12.5,20.7
155,창원,2006-05-10,17.1,14.1,20.7
155,창원,2006-05-11,16.5,12.5,20.8
155,창원,2006-05-12,15.4,11.1,20.7
155,창원,2006-05-13,15.8,9.3,22.4
155,창원,2006-05-14,16.6,11.9,21.8
155,창원,2006-05-15,16.4,11.8,20.4
155,창원,2006-05-16,18.3,14.5,24
155,창원,2006-05-17,17.5,15,21.3
155,창원,2006-05-18,17.2,14.9,20.5
155,창원,2006-05-19,16.1,15,17.2
155,창원,2006-05-20,20.1,14.5,26.1
155,창원,2006-05-21,19.9,16.3,25.4
155,창원,2006-05-22,19.7,16.8,23.6
155,창원,2006-05-23,20.9,16.8,26.9
155,창원,2006-05-24,18.2,14.7,25.6
155,창원,2006-05-25,16.5,12.8,22.3
155,창원,2006-05-26,16.9,14.5,19.6
155,창원,2006-05-27,16.9,16.1,18.1
155,창원,2006-05-28,18.2,16,23.1
155,창원,2006-05-29,17.4,13.9,23.8
155,창원,2006-05-30,19.8,15,26.1
155,창원,2006-05-31,20.7,15,27.2
155,창원,2006-06-01,19.5,16.1,25.7
155,창원,2006-06-02,19.2,15.5,22.9
155,창원,2006-06-03,18.6,15.6,24
155,창원,2006-06-04,17.5,14.8,20.6
155,창원,2006-06-05,20.3,15.1,26.8
155,창원,2006-06-06,19.6,16.3,23.5
155,창원,2006-06-07,19.2,16.9,22.7
155,창원,2006-06-08,17.6,16.9,18.8
155,창원,2006-06-09,20.9,17.2,26.9
155,창원,2006-06-10,20.6,16.5,25.2
155,창원,2006-06-11,21.5,17.7,26.6
155,창원,2006-06-12,21.2,16.3,27.6
155,창원,2006-06-13,20.7,16.2,26
155,창원,2006-06-14,19.7,16.6,23.1
155,창원,2006-06-15,23.4,19.1,28.7
155,창원,2006-06-16,21.9,17.5,27.5
155,창원,2006-06-17,21.5,16.9,26.7
155,창원,2006-06-18,23.7,17.4,29.9
155,창원,2006-06-19,24.5,20.3,30.3
155,창원,2006-06-20,23.7,19.2,29.6
155,창원,2006-06-21,24.1,18.9,29.9
155,창원,2006-06-22,21.8,19.7,23.1
155,창원,2006-06-23,21.9,19,26.5
155,창원,2006-06-24,20.6,18.4,24.3
155,창원,2006-06-25,19.4,18.2,20.7
155,창원,2006-06-26,21.2,19.1,23.4
155,창원,2006-06-27,23.3,20.3,27.3
155,창원,2006-06-28,24.9,22.1,29.4
155,창원,2006-06-29,24.2,22.1,28.1
155,창원,2006-06-30,23.6,21.6,25.1
155,창원,2006-07-01,22.5,21.4,25.1
155,창원,2006-07-02,23.3,20.9,27.3
155,창원,2006-07-03,21,20,22.7
155,창원,2006-07-04,21.5,20,22.8
155,창원,2006-07-05,20.7,18.3,23.3
155,창원,2006-07-06,20,17.8,23.1
155,창원,2006-07-07,22.6,19.4,26.8
155,창원,2006-07-08,22.8,21.2,25.7
155,창원,2006-07-09,24.1,21.3,27.6
155,창원,2006-07-10,23.6,22.2,25.3
155,창원,2006-07-11,23.7,21.7,26.2
155,창원,2006-07-12,26,24,28
155,창원,2006-07-13,27.4,25.3,31.9
155,창원,2006-07-14,27.8,24.8,31.8
155,창원,2006-07-15,27,23.7,30.1
155,창원,2006-07-16,25.1,21.9,28
155,창원,2006-07-17,22.2,20.3,25.5
155,창원,2006-07-18,22.8,20.3,25.3
155,창원,2006-07-19,20.4,18.6,21.7
155,창원,2006-07-20,19.8,18.5,20.9
155,창원,2006-07-21,21,19.2,23.2
155,창원,2006-07-22,23.8,20.9,28.4
155,창원,2006-07-23,22.4,20.8,25.4
155,창원,2006-07-24,22,20.5,23.9
155,창원,2006-07-25,23.4,21.1,28.4
155,창원,2006-07-26,22,21,23.4
155,창원,2006-07-27,24.7,20.3,29
155,창원,2006-07-28,27.5,24.3,31.5
155,창원,2006-07-29,27.3,24.3,32
155,창원,2006-07-30,28.1,24.3,33.6
155,창원,2006-07-31,28.2,24.3,33.1
155,창원,2006-08-01,27.8,24.3,32.1
155,창원,2006-08-02,28.1,24.7,32.4
155,창원,2006-08-03,28.8,24.4,34.1
155,창원,2006-08-04,28.3,25.1,31.7
155,창원,2006-08-05,28.2,24,32.8
155,창원,2006-08-06,28.9,24.6,33.2
155,창원,2006-08-07,29.1,25.3,33.7
155,창원,2006-08-08,29,25.1,34.9
155,창원,2006-08-09,28.5,24.9,35
155,창원,2006-08-10,29,25.4,33.8
155,창원,2006-08-11,28.8,24.7,34.6
155,창원,2006-08-12,27.4,24.8,34.1
155,창원,2006-08-13,28,25.3,34.3
155,창원,2006-08-14,28.3,25.2,31.9
155,창원,2006-08-15,29.1,25.7,33.2
155,창원,2006-08-16,28.8,26.3,32.9
155,창원,2006-08-17,28.2,24.4,32.4
155,창원,2006-08-18,26.7,24.7,28.1
155,창원,2006-08-19,22,20.6,24.8
155,창원,2006-08-20,24.9,21,28.9
155,창원,2006-08-21,27.1,24.1,30.3
155,창원,2006-08-22,26.8,25.3,29.3
155,창원,2006-08-23,26.3,24.5,30.3
155,창원,2006-08-24,26.5,23.7,32.4
155,창원,2006-08-25,26.4,23.3,31.2
155,창원,2006-08-26,27.4,24.6,31.2
155,창원,2006-08-27,25.4,23.2,28
155,창원,2006-08-28,27.9,23.3,32.6
155,창원,2006-08-29,26.9,24.6,31.2
155,창원,2006-08-30,24.8,21.5,26.5
155,창원,2006-08-31,25.4,23,29.8
155,창원,2006-09-01,25,20.1,29.6
155,창원,2006-09-02,24.5,21.5,29.9
155,창원,2006-09-03,25.2,21.5,29.6
155,창원,2006-09-04,25.5,21.4,31.1
155,창원,2006-09-05,22.2,18.3,24.9
155,창원,2006-09-06,20.1,16.8,26.3
155,창원,2006-09-07,22.8,18.3,29.6
155,창원,2006-09-08,23.8,20,26.5
155,창원,2006-09-09,24.6,23,28
155,창원,2006-09-10,19.8,16.3,23.4
155,창원,2006-09-11,18.3,16.8,21.8
155,창원,2006-09-12,20.4,16.8,23.3
155,창원,2006-09-13,20.6,19.6,22.5
155,창원,2006-09-14,21.1,18.6,24.9
155,창원,2006-09-15,19.3,16.3,23.4
155,창원,2006-09-16,19.6,16.3,22
155,창원,2006-09-17,18.6,17.3,20
155,창원,2006-09-18,19,16.6,21.8
155,창원,2006-09-19,20.7,16.9,26.7
155,창원,2006-09-20,20.4,16.1,25.8
155,창원,2006-09-21,21.2,17.4,24.9
155,창원,2006-09-22,20.8,17.2,25.3
155,창원,2006-09-23,19.4,14.9,24.6
155,창원,2006-09-24,18.7,14.3,23.5
155,창원,2006-09-25,19.2,14.1,24.7
155,창원,2006-09-26,20,16.3,24.1
155,창원,2006-09-27,20,15.9,25.3
155,창원,2006-09-28,19.8,16.7,23.4
155,창원,2006-09-29,20.4,16.6,25.6
155,창원,2006-09-30,20.3,16.4,24.8
155,창원,2006-10-01,19.6,16,24.4
155,창원,2006-10-02,19.6,16.5,24.7
155,창원,2006-10-03,19,16.1,24.9
155,창원,2006-10-04,19.5,15.4,25.3
155,창원,2006-10-05,20.2,16.6,23.6
155,창원,2006-10-06,20.9,17.4,25.3
155,창원,2006-10-07,19.2,14.9,25.2
155,창원,2006-10-08,18.7,15,23.4
155,창원,2006-10-09,20,16.9,24.6
155,창원,2006-10-10,20,17.4,24.6
155,창원,2006-10-11,21.1,18,26.7
155,창원,2006-10-12,20.3,17.2,25.2
155,창원,2006-10-13,19.3,15.6,24.6
155,창원,2006-10-14,18.4,14.4,23.7
155,창원,2006-10-15,19.6,15.5,26.3
155,창원,2006-10-16,19.2,15.9,24.1
155,창원,2006-10-17,19.1,16.5,23
155,창원,2006-10-18,19.2,15.1,24.9
155,창원,2006-10-19,19.9,16.3,24.4
155,창원,2006-10-20,20.7,17.4,26.6
155,창원,2006-10-21,19.4,15.5,23.4
155,창원,2006-10-22,18.2,16,19.9
155,창원,2006-10-23,17,14.6,20.9
155,창원,2006-10-24,15.9,13.5,19.6
155,창원,2006-10-25,16.2,11.2,21.3
155,창원,2006-10-26,16.4,14.3,20.8
155,창원,2006-10-27,16.6,14,20.3
155,창원,2006-10-28,15.7,11.7,22.1
155,창원,2006-10-29,16.3,12.3,21.5
155,창원,2006-10-30,16,12.5,21.8
155,창원,2006-10-31,15.9,11.5,22
155,창원,2006-11-01,15.8,12.2,20.1
155,창원,2006-11-02,15.2,11.4,20.7
155,창원,2006-11-03,15.3,10.2,21.8
155,창원,2006-11-04,15.7,11.5,19.8
155,창원,2006-11-05,17.3,13.7,22.6
155,창원,2006-11-06,12,7.6,18.3
155,창원,2006-11-07,7.5,3.6,12.5
155,창원,2006-11-08,13.1,4.7,18.1
155,창원,2006-11-09,19,15.6,23.9
155,창원,2006-11-10,14.6,12.3,17.5
155,창원,2006-11-11,11.4,6.9,15.2
155,창원,2006-11-12,8.3,4.5,13.3
155,창원,2006-11-13,10,4.4,14
155,창원,2006-11-14,10.7,6.2,15.2
155,창원,2006-11-15,10.2,4.2,15.9
155,창원,2006-11-16,7.6,4.9,10.9
155,창원,2006-11-17,8.9,5.1,13.5
155,창원,2006-11-18,7.6,6.1,9
155,창원,2006-11-19,12,7.9,16
155,창원,2006-11-20,12.5,8.3,16.5
155,창원,2006-11-21,10.8,5.8,16
155,창원,2006-11-22,11.7,8.6,14
155,창원,2006-11-23,10.7,9.2,12.6
155,창원,2006-11-24,9.7,8.4,10.9
155,창원,2006-11-25,11.4,6.8,15.7
155,창원,2006-11-26,11.7,9.4,13.6
155,창원,2006-11-27,11,8.7,13.5
155,창원,2006-11-28,9.4,6.6,13.5
155,창원,2006-11-29,6.7,4.9,9.5
155,창원,2006-11-30,6.8,3.2,11.3
155,창원,2006-12-01,7.7,4.4,12.3
155,창원,2006-12-02,4.6,-.2,7.9
155,창원,2006-12-03,.2,-2.4,4.1
155,창원,2006-12-04,1.7,-2.3,6
155,창원,2006-12-05,4.3,-.9,9.2
155,창원,2006-12-06,6,1.5,10.7
155,창원,2006-12-07,6.8,5.1,7.9
155,창원,2006-12-08,8,6.7,8.9
155,창원,2006-12-09,6.5,3.6,9.9
155,창원,2006-12-10,4,1,7.9
155,창원,2006-12-11,5.4,.1,10.5
155,창원,2006-12-12,7.9,3.6,12.5
155,창원,2006-12-13,6.8,5.3,9.2
155,창원,2006-12-14,6.7,4.2,8.3
155,창원,2006-12-15,6.1,1.4,11.6
155,창원,2006-12-16,5.8,2.8,9.7
155,창원,2006-12-17,2.5,.5,6.2
155,창원,2006-12-18,2,-.5,5.3
155,창원,2006-12-19,2.9,-.5,7.7
155,창원,2006-12-20,4.6,-.8,11.3
155,창원,2006-12-21,6.8,2.9,11.9
155,창원,2006-12-22,5.5,1.9,10.3
155,창원,2006-12-23,6,1.5,10.1
155,창원,2006-12-24,5.5,1.1,10
155,창원,2006-12-25,8.9,4.7,14.3
155,창원,2006-12-26,9.9,5.7,15.6
155,창원,2006-12-27,7.3,2.2,12.9
155,창원,2006-12-28,-.8,-5.6,2.5
155,창원,2006-12-29,-3.6,-8.3,1.5
155,창원,2006-12-30,1.4,-2.9,5.7
155,창원,2006-12-31,4.4,-.1,10.3
155,창원,2007-01-01,5.4,1.3,9.7
155,창원,2007-01-02,7.6,4.5,12.3
155,창원,2007-01-03,7.7,5.1,10.4
155,창원,2007-01-04,6.7,3.5,11.1
155,창원,2007-01-05,6.2,2.4,11.5
155,창원,2007-01-06,3.3,-.9,7.6
155,창원,2007-01-07,2.4,-.7,7.7
155,창원,2007-01-08,2.5,-1,7.1
155,창원,2007-01-09,1.9,-1.8,6.4
155,창원,2007-01-10,2.5,-1.4,6.6
155,창원,2007-01-11,2,-1.5,6.4
155,창원,2007-01-12,2.4,-.7,6
155,창원,2007-01-13,-.4,-3,3.1
155,창원,2007-01-14,1.2,-4.1,6.3
155,창원,2007-01-15,4,-1.1,9.6
155,창원,2007-01-16,5,2.9,6.4
155,창원,2007-01-17,5.5,3.4,9.5
155,창원,2007-01-18,4.9,.4,10.6
155,창원,2007-01-19,3.9,-.5,8.7
155,창원,2007-01-20,5.2,2.9,7.8
155,창원,2007-01-21,6.9,3.8,12.1
155,창원,2007-01-22,5.3,2.3,8.7
155,창원,2007-01-23,5.1,1.2,8.9
155,창원,2007-01-24,6.7,3.6,10.8
155,창원,2007-01-25,4.4,.5,9.6
155,창원,2007-01-26,3.4,.7,7.8
155,창원,2007-01-27,3.1,.6,8.2
155,창원,2007-01-28,2.2,-2,6.9
155,창원,2007-01-29,2.9,-.4,7.8
155,창원,2007-01-30,3.1,-1.1,9.8
155,창원,2007-01-31,1.7,-2.3,6.8
155,창원,2007-02-01,.5,-2.9,4.4
155,창원,2007-02-02,-.9,-4.1,3.3
155,창원,2007-02-03,3,-4.4,9.9
155,창원,2007-02-04,5.9,.9,11.1
155,창원,2007-02-05,7.1,.9,14.5
155,창원,2007-02-06,8.8,3,15.6
155,창원,2007-02-07,9.9,4.7,15.3
155,창원,2007-02-08,8.9,7.9,9.9
155,창원,2007-02-09,8.1,4.7,12.1
155,창원,2007-02-10,5.8,2.5,11.6
155,창원,2007-02-11,4.9,-.6,10.6
155,창원,2007-02-12,5,1.9,10.4
155,창원,2007-02-13,7,.5,12.4
155,창원,2007-02-14,5.9,-.5,10.2
155,창원,2007-02-15,3,-1.7,8.7
155,창원,2007-02-16,5.5,.7,10.4
155,창원,2007-02-17,5.9,4.7,7.4
155,창원,2007-02-18,7.9,4.1,13.4
155,창원,2007-02-19,8.1,4.1,12.9
155,창원,2007-02-20,8.7,3.6,14.3
155,창원,2007-02-21,9.1,4.4,16.1
155,창원,2007-02-22,8.3,3.5,13.8
155,창원,2007-02-23,8.7,4.9,13.7
155,창원,2007-02-24,6.6,1.6,11.7
155,창원,2007-02-25,7.6,5.3,11.2
155,창원,2007-02-26,8,3,13.9
155,창원,2007-02-27,10.2,3.9,16.8
155,창원,2007-02-28,8.2,5.2,13.6
155,창원,2007-03-01,7.9,2.5,13.2
155,창원,2007-03-02,9.7,7.3,13.1
155,창원,2007-03-03,13.2,10.3,16.2
155,창원,2007-03-04,13.1,11.2,17
155,창원,2007-03-05,5,-1.2,12
155,창원,2007-03-06,0,-3.8,6.2
155,창원,2007-03-07,.8,-4.6,6.3
155,창원,2007-03-08,3.8,-1,8.2
155,창원,2007-03-09,6.2,1.3,11.8
155,창원,2007-03-10,7.2,3,13
155,창원,2007-03-11,2.8,-2.6,8.9
155,창원,2007-03-12,5.2,-.6,10.2
155,창원,2007-03-13,7.2,2.6,12.6
155,창원,2007-03-14,8.5,5.5,13
155,창원,2007-03-15,7.7,5.5,9.9
155,창원,2007-03-16,8.3,5.9,11.8
155,창원,2007-03-17,6.9,4.9,8.9
155,창원,2007-03-18,6.4,2.4,11.5
155,창원,2007-03-19,7.1,4.8,11.6
155,창원,2007-03-20,6.5,2.5,10.3
155,창원,2007-03-21,9.2,3.4,16.6
155,창원,2007-03-22,10.5,4.6,17.5
155,창원,2007-03-23,12,6.3,17.3
155,창원,2007-03-24,13.8,10.3,15.4
155,창원,2007-03-25,14.3,9.9,19.4
155,창원,2007-03-26,13.5,9,18.1
155,창원,2007-03-27,12.9,10.6,17.8
155,창원,2007-03-28,13.6,7,18.4
155,창원,2007-03-29,12.8,11.2,16.1
155,창원,2007-03-30,11.8,8.5,16.9
155,창원,2007-03-31,13.2,9.8,17.2
155,창원,2007-04-01,12.1,9.7,14.6
155,창원,2007-04-02,11.1,5.7,16.7
155,창원,2007-04-03,7.6,3.4,14
155,창원,2007-04-04,8.7,4.3,13.3
155,창원,2007-04-05,9.3,4.3,13.8
155,창원,2007-04-06,11.2,6.8,16.9
155,창원,2007-04-07,12.9,8.1,18.6
155,창원,2007-04-08,12.4,9.4,17.3
155,창원,2007-04-09,12.1,6.9,19.2
155,창원,2007-04-10,12.2,7.2,17.3
155,창원,2007-04-11,12.5,8.4,16.5
155,창원,2007-04-12,13.8,8.4,19.3
155,창원,2007-04-13,15.9,9.9,23.4
155,창원,2007-04-14,12.8,6.8,20.5
155,창원,2007-04-15,13.2,8.8,18.4
155,창원,2007-04-16,8.1,6.9,10.4
155,창원,2007-04-17,10.1,4.5,15.8
155,창원,2007-04-18,10.9,7.9,14.9
155,창원,2007-04-19,12.6,6.6,20.3
155,창원,2007-04-20,15.6,9.9,18.5
155,창원,2007-04-21,17.8,16,19.7
155,창원,2007-04-22,17.5,13.3,21.9
155,창원,2007-04-23,13.6,10.3,20.2
155,창원,2007-04-24,12.6,8.6,18.2
155,창원,2007-04-25,16.2,10.6,20.8
155,창원,2007-04-26,16.3,10.7,23.4
155,창원,2007-04-27,16.7,11.2,21.3
155,창원,2007-04-28,16.9,11.1,24
155,창원,2007-04-29,17.8,10.2,25.2
155,창원,2007-04-30,16.2,12.3,22.1
155,창원,2007-05-01,14.4,13,16.1
155,창원,2007-05-02,17.8,10.8,25.6
155,창원,2007-05-03,17,12.3,22.2
155,창원,2007-05-04,18.3,14.1,23.4
155,창원,2007-05-05,17.9,14.5,24
155,창원,2007-05-06,16,14.3,18.8
155,창원,2007-05-07,20.4,14.1,29.6
155,창원,2007-05-08,21.4,13.9,30.1
155,창원,2007-05-09,18.2,14.3,23.5
155,창원,2007-05-10,16.5,12.3,23.4
155,창원,2007-05-11,17.7,12.6,22.6
155,창원,2007-05-12,16.1,14.8,17.5
155,창원,2007-05-13,17.4,12.3,22.8
155,창원,2007-05-14,18.3,12.1,25.4
155,창원,2007-05-15,17.9,13.4,25.1
155,창원,2007-05-16,16,14.7,18
155,창원,2007-05-17,19.9,13.9,26.9
155,창원,2007-05-18,19.4,14.1,26
155,창원,2007-05-19,16.4,13,21.8
155,창원,2007-05-20,16.4,12.9,20.6
155,창원,2007-05-21,18.4,13,25
155,창원,2007-05-22,19.7,13.7,26.3
155,창원,2007-05-23,19.4,13.8,24.4
155,창원,2007-05-24,19.8,17,24.8
155,창원,2007-05-25,23.6,18.3,30.7
155,창원,2007-05-26,22.8,18,28.4
155,창원,2007-05-27,21.8,17.6,29
155,창원,2007-05-28,17.4,14.4,22
155,창원,2007-05-29,19.3,13.4,25.8
155,창원,2007-05-30,18.9,16.2,26.4
155,창원,2007-05-31,17.9,14.3,21.8
155,창원,2007-06-01,17.5,15.5,20
155,창원,2007-06-02,18,15,19.9
155,창원,2007-06-03,20.9,18.1,25.2
155,창원,2007-06-04,20.1,15.9,25.1
155,창원,2007-06-05,22.3,17.8,27.6
155,창원,2007-06-06,22.7,18.8,28.4
155,창원,2007-06-07,23.6,19.6,28.8
155,창원,2007-06-08,22.2,17.2,29
155,창원,2007-06-09,18.2,15.8,22.3
155,창원,2007-06-10,19.4,15.1,24.2
155,창원,2007-06-11,20.2,16.2,24.3
155,창원,2007-06-12,21.5,16.8,26.6
155,창원,2007-06-13,21,18.1,25.4
155,창원,2007-06-14,19.8,17.3,21.8
155,창원,2007-06-15,20,18.6,21.9
155,창원,2007-06-16,22.6,16.3,27.5
155,창원,2007-06-17,20.9,19.2,24.2
155,창원,2007-06-18,21.1,17.7,27.2
155,창원,2007-06-19,21.1,16.7,26
155,창원,2007-06-20,23.3,18.9,28.6
155,창원,2007-06-21,23.2,21.1,26
155,창원,2007-06-22,21.2,19.6,23
155,창원,2007-06-23,21.3,19.1,25
155,창원,2007-06-24,22.3,20.4,25.7
155,창원,2007-06-25,21.9,19.5,24.5
155,창원,2007-06-26,22.7,20.7,27.4
155,창원,2007-06-27,24.7,20.2,30.5
155,창원,2007-06-28,23.8,22.1,24.9
155,창원,2007-06-29,25.1,22.2,29.7
155,창원,2007-06-30,22.4,20.5,25.3
155,창원,2007-07-01,20.5,19.6,21.4
155,창원,2007-07-02,22,20.3,24.2
155,창원,2007-07-03,23.7,21.3,29.1
155,창원,2007-07-04,21.3,19.7,24.3
155,창원,2007-07-05,23.3,19.4,28.7
155,창원,2007-07-06,22.1,20.8,25.1
155,창원,2007-07-07,23.4,20.7,28.7
155,창원,2007-07-08,21.9,20.2,24.9
155,창원,2007-07-09,21.1,20,23.3
155,창원,2007-07-10,21.7,20.5,24.1
155,창원,2007-07-11,21.9,20.4,24.9
155,창원,2007-07-12,23.3,20.8,27.6
155,창원,2007-07-13,22.3,21,23.9
155,창원,2007-07-14,22.5,20.9,24.4
155,창원,2007-07-15,22.4,20.2,27
155,창원,2007-07-16,20.3,18.6,22.6
155,창원,2007-07-17,23.4,20.2,30
155,창원,2007-07-18,24.2,19.4,30.4
155,창원,2007-07-19,24.2,22.1,25.6
155,창원,2007-07-20,23.3,21.2,28.6
155,창원,2007-07-21,22.3,21,24.4
155,창원,2007-07-22,24,21.8,28.1
155,창원,2007-07-23,24.9,21.5,28.6
155,창원,2007-07-24,25.2,21.8,28.8
155,창원,2007-07-25,27.4,24.5,32
155,창원,2007-07-26,28.1,24.3,36
155,창원,2007-07-27,29.3,24.4,35
155,창원,2007-07-28,29.9,25.6,35.3
155,창원,2007-07-29,27,21.8,34.8
155,창원,2007-07-30,24.5,22,29
155,창원,2007-07-31,25.5,21,30.7
155,창원,2007-08-01,27.5,23.9,31.8
155,창원,2007-08-02,28.8,25.1,33.6
155,창원,2007-08-03,28.8,24.9,33.1
155,창원,2007-08-04,27.3,24.4,32
155,창원,2007-08-05,24.5,23.1,27.8
155,창원,2007-08-06,24.6,22.8,28.6
155,창원,2007-08-07,24.1,22.3,25.4
155,창원,2007-08-08,25.9,24.5,27.2
155,창원,2007-08-09,27.4,26.1,29.8
155,창원,2007-08-10,27.5,24.9,30.4
155,창원,2007-08-11,27.8,23.4,31.8
155,창원,2007-08-12,26,24.5,27.1
155,창원,2007-08-13,25.6,23.8,27.1
155,창원,2007-08-14,25.9,24.8,28.5
155,창원,2007-08-15,26.7,23.8,31.9
155,창원,2007-08-16,28,24.1,33.1
155,창원,2007-08-17,29.1,25.2,34.1
155,창원,2007-08-18,28.1,24.8,31.8
155,창원,2007-08-19,27.2,23.2,32.9
155,창원,2007-08-20,27.8,23.7,32.6
155,창원,2007-08-21,28.6,24.9,33.6
155,창원,2007-08-22,26.7,24,32.4
155,창원,2007-08-23,26.6,24,30.4
155,창원,2007-08-24,27.2,23.5,32
155,창원,2007-08-25,28.2,23.8,33.9
155,창원,2007-08-26,28.2,24.6,32.8
155,창원,2007-08-27,26.9,24.3,32.8
155,창원,2007-08-28,25.8,23.4,29.3
155,창원,2007-08-29,23.5,22.2,24.6
155,창원,2007-08-30,22.4,20.4,25.9
155,창원,2007-08-31,22.2,19.6,24.7
155,창원,2007-09-01,19.6,18.3,22.4
155,창원,2007-09-02,20.8,18.7,23.3
155,창원,2007-09-03,23.8,20.5,28.3
155,창원,2007-09-04,21.8,19.6,24.4
155,창원,2007-09-05,21.2,19.6,22.3
155,창원,2007-09-06,21.2,19.6,23.7
155,창원,2007-09-07,21.7,18.5,26
155,창원,2007-09-08,23.8,20.6,29.2
155,창원,2007-09-09,22.3,19.3,26.7
155,창원,2007-09-10,24,18.8,30.4
155,창원,2007-09-11,23.6,20.6,27.5
155,창원,2007-09-12,23,19.2,29.6
155,창원,2007-09-13,23.8,19.7,28.3
155,창원,2007-09-14,21.6,20.1,23.1
155,창원,2007-09-15,22.5,21.3,24.8
155,창원,2007-09-16,22.8,21.1,26.4
155,창원,2007-09-17,23.7,21.2,28.2
155,창원,2007-09-18,23,20.5,25.1
155,창원,2007-09-19,25.9,22.3,30
155,창원,2007-09-20,27.1,24.8,30.7
155,창원,2007-09-21,26.5,23.5,30.6
155,창원,2007-09-22,24.1,21,28.5
155,창원,2007-09-23,20.6,19.6,21.4
155,창원,2007-09-24,20,18.3,23.1
155,창원,2007-09-25,21.8,18.7,27.7
155,창원,2007-09-26,20.9,17.2,26.4
155,창원,2007-09-27,22.4,18.2,27.6
155,창원,2007-09-28,21.5,19.8,24.6
155,창원,2007-09-29,20.1,18,22.9
155,창원,2007-09-30,19.5,17.5,22.4
155,창원,2007-10-01,20.6,18.2,25.2
155,창원,2007-10-02,21.2,17.7,25.6
155,창원,2007-10-03,21.7,19.4,26.1
155,창원,2007-10-04,22.2,18.6,27.2
155,창원,2007-10-05,21.4,18.9,25.1
155,창원,2007-10-06,20.3,15.9,25.2
155,창원,2007-10-07,19.8,16.3,23.6
155,창원,2007-10-08,19.6,16.2,23.6
155,창원,2007-10-09,18.6,15.8,22.2
155,창원,2007-10-10,18.4,15.7,22.9
155,창원,2007-10-11,18.3,14.7,23.3
155,창원,2007-10-12,17.6,15.6,20.3
155,창원,2007-10-13,17.7,14.7,21
155,창원,2007-10-14,17.8,14,23.4
155,창원,2007-10-15,16.9,13.1,22
155,창원,2007-10-16,16.2,13.6,21
155,창원,2007-10-17,16.1,11.9,21.2
155,창원,2007-10-18,15.8,10.5,21.5
155,창원,2007-10-19,14.8,9.6,21.2
155,창원,2007-10-20,10.7,7,14.4
155,창원,2007-10-21,12.2,6.2,18.7
155,창원,2007-10-22,14.4,9.7,20.5
155,창원,2007-10-23,16.4,11.9,22.3
155,창원,2007-10-24,16.6,12.1,22.1
155,창원,2007-10-25,16.5,14.1,19.8
155,창원,2007-10-26,17.1,15.2,21
155,창원,2007-10-27,15.9,12.1,20.2
155,창원,2007-10-28,15.5,9.6,21
155,창원,2007-10-29,14.6,12.4,17.9
155,창원,2007-10-30,12.6,9.1,17.6
155,창원,2007-10-31,13.6,8.4,17.7
155,창원,2007-11-01,13,9.4,15.6
155,창원,2007-11-02,10.7,6.3,15.6
155,창원,2007-11-03,11.8,6.3,17.2
155,창원,2007-11-04,13.3,8.7,18.1
155,창원,2007-11-05,13.8,11.6,15.6
155,창원,2007-11-06,14,10.8,17.8
155,창원,2007-11-07,13.4,8.7,19.9
155,창원,2007-11-08,13.7,9.7,19.2
155,창원,2007-11-09,14.7,10.8,19.8
155,창원,2007-11-10,12.8,10.2,17.3
155,창원,2007-11-11,10.7,7.5,14.3
155,창원,2007-11-12,10.1,7.1,15.1
155,창원,2007-11-13,10.6,5.8,16.5
155,창원,2007-11-14,12.2,8.8,17.4
155,창원,2007-11-15,12.7,7.9,18.5
155,창원,2007-11-16,9.8,7.2,13.3
155,창원,2007-11-17,8.5,2.6,14.2
155,창원,2007-11-18,4.9,.4,10.2
155,창원,2007-11-19,2.9,-2.3,9.1
155,창원,2007-11-20,6.8,1.5,11.6
155,창원,2007-11-21,5.6,.5,11.1
155,창원,2007-11-22,6.2,2.1,10.9
155,창원,2007-11-23,8.1,2.9,13.6
155,창원,2007-11-24,10,4.9,16.4
155,창원,2007-11-25,9,4.4,15.5
155,창원,2007-11-26,10.7,5.3,16
155,창원,2007-11-27,7.2,5.1,9.7
155,창원,2007-11-28,6.8,2.5,12.7
155,창원,2007-11-29,10.8,5.6,16.1
155,창원,2007-11-30,6.5,4.3,10.1
155,창원,2007-12-01,6,1.7,11
155,창원,2007-12-02,6.7,4.5,10
155,창원,2007-12-03,5.7,2.1,10.5
155,창원,2007-12-04,2.4,0,6.8
155,창원,2007-12-05,1.9,-1.3,6.7
155,창원,2007-12-06,3.6,.4,6.7
155,창원,2007-12-07,6,1.8,9.8
155,창원,2007-12-08,4.9,1.5,10.3
155,창원,2007-12-09,4.5,.7,9.3
155,창원,2007-12-10,5.8,1.1,9
155,창원,2007-12-11,8.8,5.4,15.3
155,창원,2007-12-12,6.8,5.3,7.9
155,창원,2007-12-13,5.6,1.7,10
155,창원,2007-12-14,3.6,.8,7.8
155,창원,2007-12-15,4.7,-.5,11.1
155,창원,2007-12-16,3.2,0,6.9
155,창원,2007-12-17,5.1,.7,9.9
155,창원,2007-12-18,4.8,1.2,9.5
155,창원,2007-12-19,3.5,.7,8
155,창원,2007-12-20,4.8,-.6,11.5
155,창원,2007-12-21,5.6,2.9,7.8
155,창원,2007-12-22,8.4,5.2,10.9
155,창원,2007-12-23,8.2,5.1,13.4
155,창원,2007-12-24,6,2.6,9.9
155,창원,2007-12-25,8.7,5.6,11.8
155,창원,2007-12-26,9.5,5.3,14.2
155,창원,2007-12-27,8.1,3.9,12.2
155,창원,2007-12-28,8,7.1,9.5
155,창원,2007-12-29,5.1,1.8,9.5
155,창원,2007-12-30,.3,-1.4,3.3
155,창원,2007-12-31,-.3,-3.1,3.8
155,창원,2008-01-01,-.8,-3.1,3.9
155,창원,2008-01-02,.4,-3.9,5.3
155,창원,2008-01-03,3.8,-.6,9.6
155,창원,2008-01-04,3.8,0,8.9
155,창원,2008-01-05,4.2,1.1,8.9
155,창원,2008-01-06,4.6,-.6,10.3
155,창원,2008-01-07,6.4,1.9,12
155,창원,2008-01-08,6.5,2.4,9.7
155,창원,2008-01-09,6,2.2,11.2
155,창원,2008-01-10,6.9,2.4,11.9
155,창원,2008-01-11,6.3,5,8.3
155,창원,2008-01-12,5.3,2.8,6.7
155,창원,2008-01-13,3.6,1.7,5.9
155,창원,2008-01-14,3.7,1.2,8
155,창원,2008-01-15,2.8,-.2,6.7
155,창원,2008-01-16,-.6,-3.9,2.4
155,창원,2008-01-17,-1.8,-7,2.9
155,창원,2008-01-18,1.4,-1.4,5.1
155,창원,2008-01-19,2.7,-1.1,7.1
155,창원,2008-01-20,4.1,2.8,5.8
155,창원,2008-01-21,4.6,3.8,5.7
155,창원,2008-01-22,4.7,3.7,6.4
155,창원,2008-01-23,3.2,-1.2,7
155,창원,2008-01-24,-1.7,-5.3,2.7
155,창원,2008-01-25,-.7,-4.6,4.4
155,창원,2008-01-26,2.2,-.1,5.4
155,창원,2008-01-27,3,-.8,8.1
155,창원,2008-01-28,1.9,.7,3.7
155,창원,2008-01-29,2.7,.4,5.8
155,창원,2008-01-30,1.6,-1.1,6.6
155,창원,2008-01-31,0,-3.3,3.9
155,창원,2008-02-01,.6,-3.6,5.3
155,창원,2008-02-02,2.4,.6,4.8
155,창원,2008-02-03,3,.5,8.2
155,창원,2008-02-04,1.6,-1.3,8.2
155,창원,2008-02-05,0,-3.4,3.6
155,창원,2008-02-06,1,-2,5
155,창원,2008-02-07,.5,-3.5,6.3
155,창원,2008-02-08,.6,-3.2,5.7
155,창원,2008-02-09,1.3,-.7,5
155,창원,2008-02-10,3.3,-2.6,9.2
155,창원,2008-02-11,4.5,1,7.9
155,창원,2008-02-12,-.6,-4.6,3.6
155,창원,2008-02-13,-2.3,-7.2,2.3
155,창원,2008-02-14,1.5,-2.9,7.4
155,창원,2008-02-15,2,-2.1,8
155,창원,2008-02-16,.5,-5,6.4
155,창원,2008-02-17,.8,-3.1,5
155,창원,2008-02-18,2.1,-2.6,7.2
155,창원,2008-02-19,3.8,-.7,9.5
155,창원,2008-02-20,6.6,1.2,12.8
155,창원,2008-02-21,6,.4,12.4
155,창원,2008-02-22,7.2,1.4,13.2
155,창원,2008-02-23,3.5,-1.7,8.7
155,창원,2008-02-24,1.6,-2.5,6.4
155,창원,2008-02-25,3.2,-1.2,8.6
155,창원,2008-02-26,2.4,-.1,6.2
155,창원,2008-02-27,4.2,-1.5,10.4
155,창원,2008-02-28,5,.2,12
155,창원,2008-02-29,7.6,.4,14.4
155,창원,2008-03-01,6.4,1.3,11.4
155,창원,2008-03-02,7.8,2.4,14.8
155,창원,2008-03-03,7.1,3.5,10.8
155,창원,2008-03-04,4,1.1,8.5
155,창원,2008-03-05,5,0,10.9
155,창원,2008-03-06,7,.6,13.5
155,창원,2008-03-07,6.7,2.6,11.4
155,창원,2008-03-08,7.1,2.3,14.4
155,창원,2008-03-09,8.5,4.1,14.2
155,창원,2008-03-10,9.5,4.6,16.5
155,창원,2008-03-11,10.8,5.6,18.4
155,창원,2008-03-12,10.8,6.7,16.6
155,창원,2008-03-13,10.9,6.1,16.5
155,창원,2008-03-14,10.6,7.4,16.3
155,창원,2008-03-15,9.8,5,14.7
155,창원,2008-03-16,10.9,6.5,16.6
155,창원,2008-03-17,10.7,4.9,16.3
155,창원,2008-03-18,10.8,6.6,16.1
155,창원,2008-03-19,10.1,7.6,13.3
155,창원,2008-03-20,9.6,5.3,14.9
155,창원,2008-03-21,9.8,2.8,16.5
155,창원,2008-03-22,10.6,5.9,14.8
155,창원,2008-03-23,10.9,8.1,13.9
155,창원,2008-03-24,11.6,7.3,17.3
155,창원,2008-03-25,9.8,5.3,15.3
155,창원,2008-03-26,8.4,4.4,13.7
155,창원,2008-03-27,8.2,5,15
155,창원,2008-03-28,8.5,3,14.6
155,창원,2008-03-29,9.2,6.2,12.7
155,창원,2008-03-30,8.2,5.8,11
155,창원,2008-03-31,9.4,5.3,13.9
155,창원,2008-04-01,10.8,5,17.8
155,창원,2008-04-02,12.2,8.3,18.4
155,창원,2008-04-03,13.2,6.4,19.7
155,창원,2008-04-04,13.5,8.2,19.6
155,창원,2008-04-05,14.4,9.4,19.9
155,창원,2008-04-06,14.4,9.2,20.7
155,창원,2008-04-07,12.8,9.2,19.3
155,창원,2008-04-08,14.5,9.2,19.4
155,창원,2008-04-09,12.1,11,13.8
155,창원,2008-04-10,12.5,10.9,14.5
155,창원,2008-04-11,12.3,7.5,18.1
155,창원,2008-04-12,13.4,9.8,18.8
155,창원,2008-04-13,13,10.3,18.5
155,창원,2008-04-14,13.3,9.9,19.8
155,창원,2008-04-15,14.7,9.3,21.3
155,창원,2008-04-16,13.4,11.4,14.4
155,창원,2008-04-17,15,13.5,16.4
155,창원,2008-04-18,15.4,11.7,22.5
155,창원,2008-04-19,15.3,10.9,22.2
155,창원,2008-04-20,17,10.5,21.4
155,창원,2008-04-21,17.2,12.7,22.6
155,창원,2008-04-22,17.1,14.1,21.9
155,창원,2008-04-23,13.6,9.9,15.7
155,창원,2008-04-24,12.5,7.3,19.3
155,창원,2008-04-25,13.9,7.3,20.2
155,창원,2008-04-26,13.9,10.2,17.2
155,창원,2008-04-27,12.7,6.8,17.4
155,창원,2008-04-28,13.8,9.1,18.2
155,창원,2008-04-29,16.9,10.2,23.7
155,창원,2008-04-30,18.2,14.3,24.7
155,창원,2008-05-01,17.7,13.8,23.6
155,창원,2008-05-02,19.6,14.4,27.6
155,창원,2008-05-03,21.2,15.1,30.5
155,창원,2008-05-04,18.2,15.7,21.5
155,창원,2008-05-05,17.4,12.2,24.1
155,창원,2008-05-06,17.4,10.6,24.2
155,창원,2008-05-07,18.4,11.7,25.3
155,창원,2008-05-08,18.4,13.6,25
155,창원,2008-05-09,17.8,15.4,20.3
155,창원,2008-05-10,14.3,11.7,16.8
155,창원,2008-05-11,15.1,10.5,20.9
155,창원,2008-05-12,15.2,9.7,20.4
155,창원,2008-05-13,13.1,9.9,19.9
155,창원,2008-05-14,13.9,10.1,19.3
155,창원,2008-05-15,15.6,10.9,22.3
155,창원,2008-05-16,17.8,12.3,23
155,창원,2008-05-17,18.9,14.6,24.9
155,창원,2008-05-18,19.5,14.3,22.9
155,창원,2008-05-19,17.4,13.6,21.6
155,창원,2008-05-20,16.3,10.2,23.4
155,창원,2008-05-21,18.2,12.8,25.2
155,창원,2008-05-22,19.4,15.3,24.6
155,창원,2008-05-23,20.4,15.5,25.5
155,창원,2008-05-24,17.7,16.9,18.9
155,창원,2008-05-25,22.5,16.3,29.6
155,창원,2008-05-26,21.8,17,30.5
155,창원,2008-05-27,20.7,15.3,26.2
155,창원,2008-05-28,18.5,16.7,20.2
155,창원,2008-05-29,20.6,17.6,25.2
155,창원,2008-05-30,19.3,16.9,22.4
155,창원,2008-05-31,19.4,13.6,26.5
155,창원,2008-06-01,20.1,14.4,25.5
155,창원,2008-06-02,20.1,17.2,23.7
155,창원,2008-06-03,19.6,17.3,22.7
155,창원,2008-06-04,17.8,15.4,19.9
155,창원,2008-06-05,17.3,14.9,20.3
155,창원,2008-06-06,19.6,15.6,24.6
155,창원,2008-06-07,20.4,16.4,25.8
155,창원,2008-06-08,20.3,16.7,25.4
155,창원,2008-06-09,20.8,16.8,26.7
155,창원,2008-06-10,22.5,18.8,27.4
155,창원,2008-06-11,21.5,19.1,23.9
155,창원,2008-06-12,21.2,15.4,28.2
155,창원,2008-06-13,22.7,16.2,30
155,창원,2008-06-14,21.4,16.6,26.9
155,창원,2008-06-15,19.6,17.2,22.9
155,창원,2008-06-16,19.8,15.7,23.9
155,창원,2008-06-17,20.3,17.3,23.2
155,창원,2008-06-18,22.8,19.1,25.1
155,창원,2008-06-19,23.7,20.4,28.4
155,창원,2008-06-20,23,20.8,26.7
155,창원,2008-06-21,21.2,20.3,22.6
155,창원,2008-06-22,22,18.7,25.3
155,창원,2008-06-23,20.2,17.8,24.1
155,창원,2008-06-24,20.4,18.2,23.5
155,창원,2008-06-25,20.8,18,24
155,창원,2008-06-26,19.9,16.2,24.4
155,창원,2008-06-27,21.4,17.9,25.8
155,창원,2008-06-28,18.6,17.3,20.4
155,창원,2008-06-29,20,18.2,22.2
155,창원,2008-06-30,21.4,19.2,26.5
155,창원,2008-07-01,20.8,19.4,23.8
155,창원,2008-07-02,21.3,19.7,22.5
155,창원,2008-07-03,24.3,21,28.4
155,창원,2008-07-04,24.6,22.1,27.8
155,창원,2008-07-05,24.8,22.5,28.7
155,창원,2008-07-06,25.8,24,29
155,창원,2008-07-07,27.7,23.8,32.7
155,창원,2008-07-08,27.8,24.2,34.3
155,창원,2008-07-09,26.3,23.5,30.5
155,창원,2008-07-10,27.2,23.3,32.3
155,창원,2008-07-11,26.3,23.7,30.5
155,창원,2008-07-12,25.8,24.5,28.2
155,창원,2008-07-13,26.2,23.8,29.1
155,창원,2008-07-14,27.6,25.3,32.5
155,창원,2008-07-15,26.9,24.4,30.3
155,창원,2008-07-16,27.2,24.3,31.2
155,창원,2008-07-17,27.8,24.6,32
155,창원,2008-07-18,28.5,24.7,34.1
155,창원,2008-07-19,28.1,25,31.9
155,창원,2008-07-20,26.8,25,28.8
155,창원,2008-07-21,26.8,24.8,30.8
155,창원,2008-07-22,26.9,24.5,30.8
155,창원,2008-07-23,27.3,23.8,31.5
155,창원,2008-07-24,28.4,25.9,32.6
155,창원,2008-07-25,26.5,25,28.8
155,창원,2008-07-26,25.3,23.6,27.6
155,창원,2008-07-27,26.3,23.5,30
155,창원,2008-07-28,28.1,25.2,32.1
155,창원,2008-07-29,28.8,24.9,33.2
155,창원,2008-07-30,27.8,25,32.4
155,창원,2008-07-31,28.4,24.8,33.6
155,창원,2008-08-01,28.5,24.7,32.8
155,창원,2008-08-02,28.2,25.6,32.5
155,창원,2008-08-03,27.7,24.1,31.9
155,창원,2008-08-04,26,23,29.9
155,창원,2008-08-05,26.3,22.9,31.2
155,창원,2008-08-06,26.3,23.3,30.6
155,창원,2008-08-07,26.6,22.3,32
155,창원,2008-08-08,26.9,24.3,31.5
155,창원,2008-08-09,27.8,24.8,31.5
155,창원,2008-08-10,28.6,24.6,33.6
155,창원,2008-08-11,28.7,26.2,33.1
155,창원,2008-08-12,27.5,25.2,32
155,창원,2008-08-13,27.9,24.5,32.1
155,창원,2008-08-14,27.6,24,32
155,창원,2008-08-15,27,23,32.5
155,창원,2008-08-16,23.8,21.8,26.4
155,창원,2008-08-17,24.3,21.2,29.3
155,창원,2008-08-18,26.7,22.7,31
155,창원,2008-08-19,27.3,23.7,32.3
155,창원,2008-08-20,25.7,22.3,30.6
155,창원,2008-08-21,22.8,20.7,27.1
155,창원,2008-08-22,22.7,19.8,26
155,창원,2008-08-23,26.1,23.5,30.9
155,창원,2008-08-24,24,21.4,28.4
155,창원,2008-08-25,23.1,19.5,27
155,창원,2008-08-26,23.4,20.4,27.6
155,창원,2008-08-27,23.6,20.1,28.9
155,창원,2008-08-28,23.6,19.3,29.4
155,창원,2008-08-29,23.8,20,29.1
155,창원,2008-08-30,23.9,19.7,28.1
155,창원,2008-08-31,24,19.6,28.9
155,창원,2008-09-01,25.3,23.9,27.6
155,창원,2008-09-02,24,21.7,26.7
155,창원,2008-09-03,23.7,20.6,28.9
155,창원,2008-09-04,23.2,19.5,28.9
155,창원,2008-09-05,23.7,19.6,27.9
155,창원,2008-09-06,23.1,20.8,27.2
155,창원,2008-09-07,23.7,20.2,30.2
155,창원,2008-09-08,23.7,18.4,29.1
155,창원,2008-09-09,23.2,19.9,28.5
155,창원,2008-09-10,23.2,18.8,27.9
155,창원,2008-09-11,25.4,21.5,31.4
155,창원,2008-09-12,25.5,23.1,30.1
155,창원,2008-09-13,25.8,22.3,30.8
155,창원,2008-09-14,25.1,22.2,29.4
155,창원,2008-09-15,24.2,21.8,27.3
155,창원,2008-09-16,24.1,20.5,30.5
155,창원,2008-09-17,24.7,20.5,29.9
155,창원,2008-09-18,26.4,23,31.2
155,창원,2008-09-19,26.3,22.4,31.8
155,창원,2008-09-20,24.8,22.4,28.5
155,창원,2008-09-21,22.9,20.5,26.2
155,창원,2008-09-22,23.1,19.3,27.4
155,창원,2008-09-23,24.4,21.1,28.4
155,창원,2008-09-24,22.7,20.5,24.1
155,창원,2008-09-25,23.7,20.3,29.5
155,창원,2008-09-26,19.3,14.4,24
155,창원,2008-09-27,16.6,12,20.6
155,창원,2008-09-28,17.8,15.4,20.2
155,창원,2008-09-29,16.8,15.4,18.1
155,창원,2008-09-30,19.3,15.9,22.6
155,창원,2008-10-01,21.3,16.5,27.1
155,창원,2008-10-02,19.7,15.5,25.6
155,창원,2008-10-03,20.8,15.6,28.2
155,창원,2008-10-04,21.4,17.3,27.7
155,창원,2008-10-05,21,19.2,23.7
155,창원,2008-10-06,21.7,18,26
155,창원,2008-10-07,19.7,17.3,23.8
155,창원,2008-10-08,20,15.6,25.7
155,창원,2008-10-09,20.7,17.3,26.2
155,창원,2008-10-10,21,17.9,25.2
155,창원,2008-10-11,18.2,15.1,24.3
155,창원,2008-10-12,17.3,13.5,22.7
155,창원,2008-10-13,18.1,12.9,23.6
155,창원,2008-10-14,19,13.4,25.2
155,창원,2008-10-15,19.2,14.7,26.2
155,창원,2008-10-16,19.1,14.1,25.4
155,창원,2008-10-17,19.8,14.8,27.5
155,창원,2008-10-18,19.6,15.5,28.4
155,창원,2008-10-19,19.6,14.1,25.7
155,창원,2008-10-20,20,16.1,27.1
155,창원,2008-10-21,19.9,15,25
155,창원,2008-10-22,18.2,16.8,20.5
155,창원,2008-10-23,19.8,17.2,22.9
155,창원,2008-10-24,17.4,13,22.9
155,창원,2008-10-25,13.9,9.8,18
155,창원,2008-10-26,17.3,14,22.2
155,창원,2008-10-27,14.5,11.3,19.1
155,창원,2008-10-28,14.5,9.3,19.6
155,창원,2008-10-29,15.7,12.7,19.8
155,창원,2008-10-30,16,12.3,21
155,창원,2008-10-31,14.6,11.3,18.8
155,창원,2008-11-01,14,10.1,18.7
155,창원,2008-11-02,15.7,10.8,20.4
155,창원,2008-11-03,16,12.7,20.4
155,창원,2008-11-04,13.6,8.7,18.8
155,창원,2008-11-05,13.9,8.4,20.2
155,창원,2008-11-06,15.7,12.2,17.9
155,창원,2008-11-07,15.9,13.3,18.9
155,창원,2008-11-08,14.1,12.9,15.6
155,창원,2008-11-09,13.2,10.9,16.8
155,창원,2008-11-10,12.4,7.7,17.2
155,창원,2008-11-11,12.2,7.7,17
155,창원,2008-11-12,13.1,8.2,19
155,창원,2008-11-13,14,9.2,19.7
155,창원,2008-11-14,14,10.1,19.1
155,창원,2008-11-15,14.3,9.9,20
155,창원,2008-11-16,14.7,11.3,18.4
155,창원,2008-11-17,10.5,7.9,15
155,창원,2008-11-18,4.5,.9,8.9
155,창원,2008-11-19,1.8,-1.3,6.6
155,창원,2008-11-20,4.4,-2.1,10.6
155,창원,2008-11-21,9.4,4.8,14.9
155,창원,2008-11-22,7.7,2.8,12
155,창원,2008-11-23,10.6,6.5,16.1
155,창원,2008-11-24,8.3,5.7,10.7
155,창원,2008-11-25,7.4,3.1,12.3
155,창원,2008-11-26,7.9,3.8,13.3
155,창원,2008-11-27,6.1,4.3,8.4
155,창원,2008-11-28,7.2,3.1,12.2
155,창원,2008-11-29,7.2,3.3,13.2
155,창원,2008-11-30,5.5,1.3,10.6
155,창원,2008-12-01,6.9,1.2,14
155,창원,2008-12-02,10.6,5,18.2
155,창원,2008-12-03,10.6,6.4,15.7
155,창원,2008-12-04,12.2,9,16.3
155,창원,2008-12-05,1.8,-4.9,9
155,창원,2008-12-06,-3.6,-7.3,.3
155,창원,2008-12-07,.8,-5.1,5.7
155,창원,2008-12-08,6.7,1.3,14.5
155,창원,2008-12-09,9.3,3.8,15.6
155,창원,2008-12-10,11.6,5.4,18.8
155,창원,2008-12-11,11.6,6.1,15
155,창원,2008-12-12,6.6,3.5,11.8
155,창원,2008-12-13,8,4.8,10.8
155,창원,2008-12-14,3.5,.2,7.2
155,창원,2008-12-15,4.4,.1,8.5
155,창원,2008-12-16,5.1,.3,11.1
155,창원,2008-12-17,7.8,1,15
155,창원,2008-12-18,6.5,3.7,9.9
155,창원,2008-12-19,5.4,-.6,11.3
155,창원,2008-12-20,7.9,3.7,12.4
155,창원,2008-12-21,4.5,2.9,7
155,창원,2008-12-22,1,-1.5,3.7
155,창원,2008-12-23,2.2,-3,7.6
155,창원,2008-12-24,3.3,-.4,6.9
155,창원,2008-12-25,3.6,-.4,9
155,창원,2008-12-26,.6,-3.3,4.9
155,창원,2008-12-27,2.3,-2,7.2
155,창원,2008-12-28,4.5,.6,8
155,창원,2008-12-29,6.4,3.6,11.5
155,창원,2008-12-30,3.3,-1.2,7.7
155,창원,2008-12-31,-.4,-3.9,5.2
155,창원,2009-01-01,-1.3,-5,2.5
155,창원,2009-01-02,1.6,-2.9,6
155,창원,2009-01-03,3.5,-1.2,9.3
155,창원,2009-01-04,4,.5,7.7
155,창원,2009-01-05,4.1,.4,9
155,창원,2009-01-06,3.2,-.7,7.9
155,창원,2009-01-07,4.6,1.3,9.6
155,창원,2009-01-08,4.5,1.4,8.5
155,창원,2009-01-09,2.1,0,6.2
155,창원,2009-01-10,-.9,-3.5,3.8
155,창원,2009-01-11,-.1,-5.2,5.7
155,창원,2009-01-12,-1.2,-4.7,4.4
155,창원,2009-01-13,-1.2,-5.4,3.2
155,창원,2009-01-14,-.6,-4.4,4.7
155,창원,2009-01-15,-2.2,-7,4.3
155,창원,2009-01-16,.7,-5.7,6.7
155,창원,2009-01-17,3.7,-1.2,8.9
155,창원,2009-01-18,6.2,2.9,10.1
155,창원,2009-01-19,5.2,1.7,9.5
155,창원,2009-01-20,5.2,2.2,10
155,창원,2009-01-21,3.7,1.3,6.5
155,창원,2009-01-22,3.9,.1,9.3
155,창원,2009-01-23,-.1,-6.1,6.2
155,창원,2009-01-24,-3.2,-9.3,2.9
155,창원,2009-01-25,.2,-5.1,6
155,창원,2009-01-26,1.2,-2.6,6.4
155,창원,2009-01-27,1,-3.5,6.4
155,창원,2009-01-28,3.7,-2.2,11.4
155,창원,2009-01-29,3.8,1.2,6
155,창원,2009-01-30,8.4,4.2,10.2
155,창원,2009-01-31,8.5,4.5,11.1
155,창원,2009-02-01,6,.9,11
155,창원,2009-02-02,8.1,2.9,13.1
155,창원,2009-02-03,9.2,6,12.2
155,창원,2009-02-04,8.7,4.2,13
155,창원,2009-02-05,9.2,4.4,15
155,창원,2009-02-06,7.8,3.1,13.6
155,창원,2009-02-07,8.2,3,13.4
155,창원,2009-02-08,7.3,3.2,13.2
155,창원,2009-02-09,6.5,4.1,9.2
155,창원,2009-02-10,6.9,3.9,12
155,창원,2009-02-11,8.2,1.3,16.3
155,창원,2009-02-12,10.3,3.3,15.1
155,창원,2009-02-13,16.5,13.8,18.7
155,창원,2009-02-14,11.9,8.4,17.5
155,창원,2009-02-15,7.8,2.2,15.8
155,창원,2009-02-16,.6,-2.4,5.9
155,창원,2009-02-17,.7,-3.7,6
155,창원,2009-02-18,3.3,-.8,7.4
155,창원,2009-02-19,2.9,1.2,6
155,창원,2009-02-20,3.4,-1.3,7.8
155,창원,2009-02-21,1.4,-3.8,8.1
155,창원,2009-02-22,4.4,2,6.8
155,창원,2009-02-23,9.2,4.5,14.4
155,창원,2009-02-24,10.5,7.7,15.2
155,창원,2009-02-25,10.3,7.4,14.6
155,창원,2009-02-26,8.6,5.2,12.7
155,창원,2009-02-27,7.6,5.2,10.7
155,창원,2009-02-28,8.4,3.6,13.9
155,창원,2009-03-01,9.3,5.2,14.4
155,창원,2009-03-02,6,3,8.8
155,창원,2009-03-03,5,3.2,6.8
155,창원,2009-03-04,7.3,2.9,12.8
155,창원,2009-03-05,8.4,5.6,13.3
155,창원,2009-03-06,8.1,3.2,12.2
155,창원,2009-03-07,5.9,.6,11
155,창원,2009-03-08,9.1,5.2,14.7
155,창원,2009-03-09,9.6,5.8,15.1
155,창원,2009-03-10,10.1,6.8,16.4
155,창원,2009-03-11,8.2,5.3,13.6
155,창원,2009-03-12,9.3,4,13.8
155,창원,2009-03-13,9.7,3.1,14.6
155,창원,2009-03-14,4,-.8,10.4
155,창원,2009-03-15,6.8,-.3,13.9
155,창원,2009-03-16,12.1,6.4,18
155,창원,2009-03-17,13.6,6.8,20
155,창원,2009-03-18,17,13.8,19
155,창원,2009-03-19,16.8,16,18.4
155,창원,2009-03-20,11.1,7.3,16.4
155,창원,2009-03-21,11.6,5.5,15.9
155,창원,2009-03-22,15.4,10,20.7
155,창원,2009-03-23,10.1,5.8,15
155,창원,2009-03-24,8.5,4,13.4
155,창원,2009-03-25,6.1,2,12
155,창원,2009-03-26,8.5,.7,15.1
155,창원,2009-03-27,8.1,3.2,13.8
155,창원,2009-03-28,8.2,4.7,13.9
155,창원,2009-03-29,8.5,5.3,12.4
155,창원,2009-03-30,9.7,6.9,13.7
155,창원,2009-03-31,10.9,7.1,15.4
155,창원,2009-04-01,7.5,4.1,12.2
155,창원,2009-04-02,9.7,3.8,17.2
155,창원,2009-04-03,11.7,7.5,17.5
155,창원,2009-04-04,14.4,10.5,20.9
155,창원,2009-04-05,13.3,9.9,20.2
155,창원,2009-04-06,14.5,7.9,21.3
155,창원,2009-04-07,15.6,8.8,22.4
155,창원,2009-04-08,15.4,11.1,22.4
155,창원,2009-04-09,15.8,9.7,23.6
155,창원,2009-04-10,17.4,10.1,25.8
155,창원,2009-04-11,16.8,11.9,24.8
155,창원,2009-04-12,17.1,10.9,24.9
155,창원,2009-04-13,16.6,11.4,21.7
155,창원,2009-04-14,15.4,13.3,20.1
155,창원,2009-04-15,14.6,11.2,19.4
155,창원,2009-04-16,12.7,10.5,14.9
155,창원,2009-04-17,13.7,9.4,19.1
155,창원,2009-04-18,16.8,10.1,25.6
155,창원,2009-04-19,16.5,11.1,22.2
155,창원,2009-04-20,15,14,16.5
155,창원,2009-04-21,15.6,11.8,21
155,창원,2009-04-22,16.8,11.7,22.7
155,창원,2009-04-23,13.2,9.6,17.5
155,창원,2009-04-24,13.3,11.2,16.6
155,창원,2009-04-25,13.4,9,20
155,창원,2009-04-26,12.5,8.8,17.7
155,창원,2009-04-27,13,9.5,19
155,창원,2009-04-28,14.7,8.5,22.6
155,창원,2009-04-29,16.2,9.9,24
155,창원,2009-04-30,16.4,10.5,23.6
155,창원,2009-05-01,16.9,10.2,24.5
155,창원,2009-05-02,17.4,12.3,21.2
155,창원,2009-05-03,16.5,14,19.7
155,창원,2009-05-04,17.7,12.6,27.3
155,창원,2009-05-05,18.6,12.9,26.5
155,창원,2009-05-06,17.6,12.9,24.2
155,창원,2009-05-07,17.6,13.1,24.4
155,창원,2009-05-08,20.4,14.2,30.6
155,창원,2009-05-09,20.9,14.7,29.1
155,창원,2009-05-10,20.4,15.2,27.8
155,창원,2009-05-11,20.4,15.4,25.6
155,창원,2009-05-12,19.6,18.4,21.1
155,창원,2009-05-13,19.3,15.1,25
155,창원,2009-05-14,19.4,14.2,26.1
155,창원,2009-05-15,17.2,14.5,22
155,창원,2009-05-16,16.4,13.6,20.2
155,창원,2009-05-17,19.1,14.7,23.5
155,창원,2009-05-18,18.2,10.6,25.1
155,창원,2009-05-19,21,14,28.1
155,창원,2009-05-20,22.1,16.6,27.5
155,창원,2009-05-21,16,14.4,22.1
155,창원,2009-05-22,19.7,14.7,26.4
155,창원,2009-05-23,19.5,16.5,23.3
155,창원,2009-05-24,18.5,15.4,24.2
155,창원,2009-05-25,19.4,15.1,25.5
155,창원,2009-05-26,20.4,16.1,25.2
155,창원,2009-05-27,21.5,16,27
155,창원,2009-05-28,22.4,16.7,27.8
155,창원,2009-05-29,21.2,16.4,27.1
155,창원,2009-05-30,16.7,13.9,20.5
155,창원,2009-05-31,21.1,13.3,28.6
155,창원,2009-06-01,21.2,15.6,27.8
155,창원,2009-06-02,20.6,17.9,24.4
155,창원,2009-06-03,18.3,17.1,19.3
155,창원,2009-06-04,20.1,17.4,26.8
155,창원,2009-06-05,20.5,16.2,25.2
155,창원,2009-06-06,20.2,17.3,24.8
155,창원,2009-06-07,18.6,17.4,21.3
155,창원,2009-06-08,18.9,17.2,21.3
155,창원,2009-06-09,19.6,16.6,22.8
155,창원,2009-06-10,21.2,17.3,26.4
155,창원,2009-06-11,23.6,20.1,28.9
155,창원,2009-06-12,21.7,17.9,25.9
155,창원,2009-06-13,22.6,18.3,28.7
155,창원,2009-06-14,20.3,17,25.2
155,창원,2009-06-15,19.9,17.5,24.3
155,창원,2009-06-16,21.2,16.5,27.1
155,창원,2009-06-17,21.5,18,25.9
155,창원,2009-06-18,23.3,18.8,28.4
155,창원,2009-06-19,23.9,19.4,29.3
155,창원,2009-06-20,23.7,20.3,28.4
155,창원,2009-06-21,23.7,22.5,25.5
155,창원,2009-06-22,21.3,19.1,23.4
155,창원,2009-06-23,23.8,18.5,30.2
155,창원,2009-06-24,25.3,20.7,32.6
155,창원,2009-06-25,24.5,18.8,31.6
155,창원,2009-06-26,24,18.8,29.9
155,창원,2009-06-27,24.3,20.5,29.1
155,창원,2009-06-28,24.5,21.6,28.7
155,창원,2009-06-29,24,22.6,27
155,창원,2009-06-30,21.4,18.2,25
155,창원,2009-07-01,22.1,18.2,27.1
155,창원,2009-07-02,22.5,19,28.1
155,창원,2009-07-03,22.6,19.5,28.3
155,창원,2009-07-04,22.9,20,27.3
155,창원,2009-07-05,23.6,20.7,27.4
155,창원,2009-07-06,24.3,20.5,29.6
155,창원,2009-07-07,22.7,19,25.7
155,창원,2009-07-08,23.9,22.2,25.8
155,창원,2009-07-09,25.8,24.3,27.2
155,창원,2009-07-10,25.8,21.6,30.8
155,창원,2009-07-11,24.4,20.6,28.4
155,창원,2009-07-12,25.4,20.8,27.5
155,창원,2009-07-13,25,22.4,27
155,창원,2009-07-14,27,25.1,28.8
155,창원,2009-07-15,21.8,19.5,27.1
155,창원,2009-07-16,23.1,21.3,25.6
155,창원,2009-07-17,26.6,23.3,30.4
155,창원,2009-07-18,27.9,26.3,31.1
155,창원,2009-07-19,28,25.7,31.1
155,창원,2009-07-20,24.7,23.4,27.3
155,창원,2009-07-21,26.2,24,30.1
155,창원,2009-07-22,23.4,20,29.2
155,창원,2009-07-23,22.6,19.2,26.7
155,창원,2009-07-24,21.8,20,25.2
155,창원,2009-07-25,21.8,20.5,23
155,창원,2009-07-26,23.4,20.1,26.7
155,창원,2009-07-27,23.1,20.1,26.1
155,창원,2009-07-28,22.3,20.4,25.2
155,창원,2009-07-29,23.2,20,28.5
155,창원,2009-07-30,23.5,20.3,28.1
155,창원,2009-07-31,23.1,20.3,26.4
155,창원,2009-08-01,23.2,20.8,27.1
155,창원,2009-08-02,23.7,20.2,29.3
155,창원,2009-08-03,22.8,19.8,25
155,창원,2009-08-04,24.7,20.8,28.9
155,창원,2009-08-05,25.3,21.9,30
155,창원,2009-08-06,24.5,22.7,26.8
155,창원,2009-08-07,24.1,22.8,26
155,창원,2009-08-08,26.7,23.5,31.5
155,창원,2009-08-09,25.3,23.9,27.5
155,창원,2009-08-10,26.5,23.6,29.8
155,창원,2009-08-11,24.9,23.8,25.9
155,창원,2009-08-12,27,25.5,28.1
155,창원,2009-08-13,25,23.4,26.5
155,창원,2009-08-14,25.9,22.9,30.3
155,창원,2009-08-15,25.3,22.3,30.7
155,창원,2009-08-16,25.7,22.4,27.2
155,창원,2009-08-17,25.7,23.6,28.8
155,창원,2009-08-18,26.3,22.7,30.4
155,창원,2009-08-19,26.9,23.5,31.1
155,창원,2009-08-20,27.7,24.3,31.7
155,창원,2009-08-21,27.3,23.9,32.3
155,창원,2009-08-22,27.1,21.3,33.7
155,창원,2009-08-23,27.2,22.6,32
155,창원,2009-08-24,25,21,29.6
155,창원,2009-08-25,24.2,21.8,27.9
155,창원,2009-08-26,24.8,20.7,28.8
155,창원,2009-08-27,25.3,22.2,28.2
155,창원,2009-08-28,27.6,24,32.3
155,창원,2009-08-29,24.5,21.4,28.6
155,창원,2009-08-30,22.4,21.3,23.7
155,창원,2009-08-31,22.6,20.6,25.6
155,창원,2009-09-01,22.6,17.8,28.5
155,창원,2009-09-02,23.4,18.9,28.7
155,창원,2009-09-03,23.2,19,29.1
155,창원,2009-09-04,23.4,21.7,25.7
155,창원,2009-09-05,23.6,20.9,29.8
155,창원,2009-09-06,24.1,20.1,29.3
155,창원,2009-09-07,24.6,21.1,30
155,창원,2009-09-08,23.9,21.2,28
155,창원,2009-09-09,23,20.7,27.5
155,창원,2009-09-10,23.4,19.8,29.1
155,창원,2009-09-11,23.2,19.7,27.9
155,창원,2009-09-12,22.3,17.2,28.5
155,창원,2009-09-13,21.9,17.1,28.4
155,창원,2009-09-14,21.7,18.9,24.9
155,창원,2009-09-15,22.5,18.3,28.6
155,창원,2009-09-16,22.8,20.1,28.6
155,창원,2009-09-17,22.5,19.7,27.4
155,창원,2009-09-18,23.1,17.9,30.5
155,창원,2009-09-19,21.7,18.4,26.4
155,창원,2009-09-20,20.9,15.9,27
155,창원,2009-09-21,21.1,18.5,24.2
155,창원,2009-09-22,22.1,18.5,26.9
155,창원,2009-09-23,21.8,20.2,26.2
155,창원,2009-09-24,23.4,20.3,28.5
155,창원,2009-09-25,22.6,20.6,26.6
155,창원,2009-09-26,24.1,20.2,29.1
155,창원,2009-09-27,21.1,19.8,23.1
155,창원,2009-09-28,21,20,23.2
155,창원,2009-09-29,21.9,19,24.8
155,창원,2009-09-30,21.5,19.6,24.6
155,창원,2009-10-01,21.4,17.3,27.7
155,창원,2009-10-02,22,19.1,26.4
155,창원,2009-10-03,20,16.3,25.7
155,창원,2009-10-04,19.9,13.9,26.6
155,창원,2009-10-05,18.9,15.6,24.2
155,창원,2009-10-06,18.5,14.2,22.6
155,창원,2009-10-07,19.1,15.4,22.8
155,창원,2009-10-08,18.4,16.2,22.2
155,창원,2009-10-09,17.5,13.1,22.8
155,창원,2009-10-10,17.7,13.3,23.5
155,창원,2009-10-11,18,14.1,23.5
155,창원,2009-10-12,18.4,14.4,23.3
155,창원,2009-10-13,18,14.7,24.5
155,창원,2009-10-14,15.8,12.1,19.6
155,창원,2009-10-15,16.7,12.4,23.1
155,창원,2009-10-16,17.2,11.7,22.5
155,창원,2009-10-17,16.9,11.9,22.7
155,창원,2009-10-18,17.5,12.8,22.8
155,창원,2009-10-19,17.8,13.9,24
155,창원,2009-10-20,15.4,11.3,20.9
155,창원,2009-10-21,16.2,10.4,24
155,창원,2009-10-22,16.4,12,22.9
155,창원,2009-10-23,16.3,11,23.1
155,창원,2009-10-24,18,12.7,22.9
155,창원,2009-10-25,17.8,13.6,22.6
155,창원,2009-10-26,17.9,13.1,23.1
155,창원,2009-10-27,17.7,13.8,23
155,창원,2009-10-28,17,12.7,22.3
155,창원,2009-10-29,18.8,15.3,23.9
155,창원,2009-10-30,18.3,15.6,23.9
155,창원,2009-10-31,19.4,14.1,24.5
155,창원,2009-11-01,16.6,10.7,21.6
155,창원,2009-11-02,8.1,2.3,11.9
155,창원,2009-11-03,6.6,1.6,12.3
155,창원,2009-11-04,11.1,4.9,16.3
155,창원,2009-11-05,16.1,12.2,21.4
155,창원,2009-11-06,16.7,12.1,21.3
155,창원,2009-11-07,18.4,13.5,23.4
155,창원,2009-11-08,19.1,17,20.7
155,창원,2009-11-09,19.3,17,22.2
155,창원,2009-11-10,16.1,14.2,18.6
155,창원,2009-11-11,12.6,10.6,15.3
155,창원,2009-11-12,12.2,10.7,13.5
155,창원,2009-11-13,12.5,11.6,13.3
155,창원,2009-11-14,11.5,6.7,17.5
155,창원,2009-11-15,6.7,4.2,9.2
155,창원,2009-11-16,5,2.9,7.7
155,창원,2009-11-17,4,1.5,7.1
155,창원,2009-11-18,4.3,.4,8.7
155,창원,2009-11-19,6.6,3.5,10.6
155,창원,2009-11-20,5.9,3.1,10.1
155,창원,2009-11-21,5.6,2.9,9.7
155,창원,2009-11-22,4.8,1.2,10.3
155,창원,2009-11-23,7.7,1.7,14.5
155,창원,2009-11-24,8.9,4,15.3
155,창원,2009-11-25,9.5,4.5,16.1
155,창원,2009-11-26,10.8,5.4,16.8
155,창원,2009-11-27,11.8,8.4,17.2
155,창원,2009-11-28,10.4,6.2,15.1
155,창원,2009-11-29,9.1,7.3,10.5
155,창원,2009-11-30,8.4,7.2,10
155,창원,2009-12-01,8.6,6,12.3
155,창원,2009-12-02,7.4,3.2,12.3
155,창원,2009-12-03,8.5,5.9,13.1
155,창원,2009-12-04,8.1,4,13.2
155,창원,2009-12-05,6.1,1,10.6
155,창원,2009-12-06,2.4,-.7,7.4
155,창원,2009-12-07,4.4,1.2,9.9
155,창원,2009-12-08,6.1,.5,11.5
155,창원,2009-12-09,7.7,5.1,10.2
155,창원,2009-12-10,9.3,7.2,10.3
155,창원,2009-12-11,12.5,9.7,17.8
155,창원,2009-12-12,11.2,7.7,15
155,창원,2009-12-13,8.6,6.9,12.2
155,창원,2009-12-14,6.4,4.2,9.3
155,창원,2009-12-15,2.5,.7,4.9
155,창원,2009-12-16,-1.5,-4.2,1.8
155,창원,2009-12-17,-.5,-3.4,3.4
155,창원,2009-12-18,-1.4,-4.4,3
155,창원,2009-12-19,-.4,-4.9,5.2
155,창원,2009-12-20,2.6,-.8,7.2
155,창원,2009-12-21,.8,-3.2,6.4
155,창원,2009-12-22,4.4,-2.5,12.4
155,창원,2009-12-23,7.2,2,13.7
155,창원,2009-12-24,7.2,3.6,12
155,창원,2009-12-25,7.3,3.5,12.5
155,창원,2009-12-26,1.6,-.8,4.9
155,창원,2009-12-27,.7,-2.5,6.1
155,창원,2009-12-28,-.7,-3.2,2.7
155,창원,2009-12-29,.7,-4.4,5.7
155,창원,2009-12-30,3.3,-1.9,8.5
155,창원,2009-12-31,-2.8,-6,1.3
155,창원,2010-01-01,-2.1,-8,2.9
155,창원,2010-01-02,3.5,-2.7,10.3
155,창원,2010-01-03,1.2,-2,5
155,창원,2010-01-04,2.7,-.4,9.2
155,창원,2010-01-05,-.7,-3.7,3.1
155,창원,2010-01-06,-3.4,-6.5,1.3
155,창원,2010-01-07,-2.7,-6.3,2.9
155,창원,2010-01-08,-.7,-5.2,4
155,창원,2010-01-09,1.5,-2.6,5.9
155,창원,2010-01-10,2.7,1,5.4
155,창원,2010-01-11,1.7,-.7,4.7
155,창원,2010-01-12,-1.1,-4.2,2.2
155,창원,2010-01-13,-3.9,-7.1,.3
155,창원,2010-01-14,-2.4,-7.9,2.1
155,창원,2010-01-15,2,-3.1,8.1
155,창원,2010-01-16,1.2,-2.9,7.1
155,창원,2010-01-17,2.2,-2.5,7.6
155,창원,2010-01-18,3.6,-2.1,11.2
155,창원,2010-01-19,7.3,-.5,13.2
155,창원,2010-01-20,13.2,9.7,16
155,창원,2010-01-21,8,.5,13.3
155,창원,2010-01-22,-.2,-3.2,4
155,창원,2010-01-23,.1,-3.8,6.4
155,창원,2010-01-24,2.5,-2.6,8.6
155,창원,2010-01-25,4.3,.1,9.5
155,창원,2010-01-26,1,-3.3,6.3
155,창원,2010-01-27,4,-2.4,8.5
155,창원,2010-01-28,6.8,3.3,10.6
155,창원,2010-01-29,4.3,1,8.8
155,창원,2010-01-30,4.5,-1.2,8.8
155,창원,2010-01-31,6.9,4.2,12
155,창원,2010-02-01,5.5,3.3,9.2
155,창원,2010-02-02,1.6,-1.2,5.9
155,창원,2010-02-03,-1.8,-5,3
155,창원,2010-02-04,0,-5.5,5.8
155,창원,2010-02-05,2.2,-2.6,7.7
155,창원,2010-02-06,1,-3.4,7.4
155,창원,2010-02-07,3.9,-2.3,10.1
155,창원,2010-02-08,6.6,4.9,8.4
155,창원,2010-02-09,8.4,6.4,10.1
155,창원,2010-02-10,7.8,6.8,8.8
155,창원,2010-02-11,4.8,2.8,8.2
155,창원,2010-02-12,2.7,2,4
155,창원,2010-02-13,2.4,.8,5.3
155,창원,2010-02-14,1.7,-1,4.4
155,창원,2010-02-15,4,.2,8.7
155,창원,2010-02-16,2.6,-.8,7.1
155,창원,2010-02-17,1.9,-.7,6.4
155,창원,2010-02-18,2.2,-.8,6.7
155,창원,2010-02-19,2.7,-3.5,8.4
155,창원,2010-02-20,5,-.4,10.7
155,창원,2010-02-21,5.9,.5,11
155,창원,2010-02-22,8.3,2.9,14.5
155,창원,2010-02-23,9.2,4.2,15.3
155,창원,2010-02-24,12.1,5.4,17.2
155,창원,2010-02-25,16.2,14.6,18.2
155,창원,2010-02-26,10.9,6.9,15.3
155,창원,2010-02-27,7.2,4.8,9.1
155,창원,2010-02-28,8.7,3.6,15
155,창원,2010-03-01,7.7,6,9.5
155,창원,2010-03-02,7.5,5.4,10.4
155,창원,2010-03-03,7.7,3.9,12.2
155,창원,2010-03-04,7.6,6.4,8.6
155,창원,2010-03-05,8.9,7.2,10.7
155,창원,2010-03-06,7.9,4.8,9.7
155,창원,2010-03-07,5.4,4.3,7.3
155,창원,2010-03-08,5.2,3.2,8.4
155,창원,2010-03-09,4.4,2,7.6
155,창원,2010-03-10,.8,-2.3,4.7
155,창원,2010-03-11,4.2,-1.8,10.1
155,창원,2010-03-12,11.4,4.1,14.9
155,창원,2010-03-13,10.8,8.1,16.7
155,창원,2010-03-14,9.9,6.1,12.7
155,창원,2010-03-15,12.7,8.7,16.8
155,창원,2010-03-16,6.5,2.1,11.7
155,창원,2010-03-17,5.4,1.3,9.7
155,창원,2010-03-18,5.9,3.2,9.5
155,창원,2010-03-19,8.5,-.1,14.3
155,창원,2010-03-20,15.8,12.2,20.4
155,창원,2010-03-21,7.9,4,12.9
155,창원,2010-03-22,7.4,4.5,11.3
155,창원,2010-03-23,8.2,5.1,10.2
155,창원,2010-03-24,9.7,8,12.3
155,창원,2010-03-25,7.1,4.9,9.5
155,창원,2010-03-26,4.7,1.1,10.4
155,창원,2010-03-27,7.5,.8,13
155,창원,2010-03-28,10.4,5.5,16.9
155,창원,2010-03-29,8.1,4.1,14.9
155,창원,2010-03-30,8.3,4.6,11.6
155,창원,2010-03-31,10.1,6.6,12.9
155,창원,2010-04-01,11.3,8.7,12.9
155,창원,2010-04-02,9.6,5.2,14.8
155,창원,2010-04-03,8.4,4.5,14.5
155,창원,2010-04-04,9.4,3.2,15
155,창원,2010-04-05,13.6,9.2,18.9
155,창원,2010-04-06,14.9,10.3,21
155,창원,2010-04-07,9.2,6.3,13.7
155,창원,2010-04-08,9.1,3.8,13.6
155,창원,2010-04-09,12.5,7.5,18.6
155,창원,2010-04-10,14.2,8.8,18.5
155,창원,2010-04-11,13.8,11.2,15.4
155,창원,2010-04-12,11.8,10.1,14
155,창원,2010-04-13,10.2,4.6,15
155,창원,2010-04-14,5.6,2.3,10.7
155,창원,2010-04-15,7.3,2.9,12
155,창원,2010-04-16,9.5,4.2,15.7
155,창원,2010-04-17,11.2,4.9,17.5
155,창원,2010-04-18,11.6,7.2,15
155,창원,2010-04-19,12.8,10.6,16.6
155,창원,2010-04-20,15.1,12.2,22.3
155,창원,2010-04-21,13.5,9.5,17.9
155,창원,2010-04-22,10.5,8.7,12.9
155,창원,2010-04-23,11.6,9.2,16.2
155,창원,2010-04-24,11.6,6.9,18.3
155,창원,2010-04-25,13.6,7.3,21
155,창원,2010-04-26,12.5,10.1,15.9
155,창원,2010-04-27,13.2,6.5,19.3
155,창원,2010-04-28,7.5,4,10.9
155,창원,2010-04-29,11.9,5.2,18.4
155,창원,2010-04-30,14.3,8.4,20.3
155,창원,2010-05-01,13.6,6.9,19.9
155,창원,2010-05-02,16.3,9.1,23.5
155,창원,2010-05-03,19.3,15.4,24.8
155,창원,2010-05-04,19.3,15.2,25.9
155,창원,2010-05-05,19.9,14.5,25.3
155,창원,2010-05-06,19.1,16.9,20.7
155,창원,2010-05-07,19.3,13.1,28
155,창원,2010-05-08,19.8,13.7,26.5
155,창원,2010-05-09,18.5,14.5,24.5
155,창원,2010-05-10,16.8,14.7,20.3
155,창원,2010-05-11,16.2,12.9,21
155,창원,2010-05-12,15.2,10.7,20
155,창원,2010-05-13,15.6,11.9,20.5
155,창원,2010-05-14,15.3,11.1,19.9
155,창원,2010-05-15,16,10.7,21.5
155,창원,2010-05-16,18.9,12.6,26.4
155,창원,2010-05-17,19.1,12.7,25.2
155,창원,2010-05-18,18.1,16.4,20
155,창원,2010-05-19,20.2,17.4,23.5
155,창원,2010-05-20,21.6,16.5,28.1
155,창원,2010-05-21,22.4,16.7,29.3
155,창원,2010-05-22,17.6,15.1,20
155,창원,2010-05-23,16.4,15.8,17.3
155,창원,2010-05-24,17.6,15.2,22.8
155,창원,2010-05-25,17,14.5,22.8
155,창원,2010-05-26,17.3,14.2,22.7
155,창원,2010-05-27,16,13,21.1
155,창원,2010-05-28,15.2,11,19.6
155,창원,2010-05-29,17.9,13.9,23.1
155,창원,2010-05-30,16.8,12.9,21.5
155,창원,2010-05-31,16,11.3,21.5
155,창원,2010-06-01,16.4,10.9,21.4
155,창원,2010-06-02,18.6,14.4,25
155,창원,2010-06-03,20.4,14.9,27.4
155,창원,2010-06-04,21.7,16.8,28
155,창원,2010-06-05,22.8,17.5,29.9
155,창원,2010-06-06,21.5,17.2,27.1
155,창원,2010-06-07,21.4,16.1,27.5
155,창원,2010-06-08,21.7,18.3,27.4
155,창원,2010-06-09,21.7,16.9,28
155,창원,2010-06-10,21.6,16.9,27
155,창원,2010-06-11,21.8,16.7,27.4
155,창원,2010-06-12,22.4,19.5,25.3
155,창원,2010-06-13,23.2,20.4,26
155,창원,2010-06-14,23,19.4,27.6
155,창원,2010-06-15,22.3,19.9,27.4
155,창원,2010-06-16,24.4,19,31.7
155,창원,2010-06-17,25.3,20.4,31.1
155,창원,2010-06-18,22.2,20.7,24.4
155,창원,2010-06-19,23.2,20.6,27.2
155,창원,2010-06-20,23.7,21.5,27.8
155,창원,2010-06-21,24.1,20.2,29.1
155,창원,2010-06-22,23.7,19.6,29.4
155,창원,2010-06-23,22.1,19.3,25.8
155,창원,2010-06-24,22.9,18,27.4
155,창원,2010-06-25,22.2,20.2,25.7
155,창원,2010-06-26,22.3,20.2,24.2
155,창원,2010-06-27,22.6,21.3,24.2
155,창원,2010-06-28,21.7,20.8,23.8
155,창원,2010-06-29,24,20.8,28.3
155,창원,2010-06-30,24.7,21.7,29.9
155,창원,2010-07-01,24.2,22.7,27.1
155,창원,2010-07-02,23.3,22.1,24.6
155,창원,2010-07-03,25.1,22.7,30.3
155,창원,2010-07-04,23.3,21.7,25.7
155,창원,2010-07-05,24.6,21.4,29.2
155,창원,2010-07-06,27,22.9,32.2
155,창원,2010-07-07,25.3,22,31
155,창원,2010-07-08,23.7,21.9,27.7
155,창원,2010-07-09,24.3,20.6,31.1
155,창원,2010-07-10,24.6,21.8,28.1
155,창원,2010-07-11,22.8,21.9,24.9
155,창원,2010-07-12,22.4,21,25
155,창원,2010-07-13,21.7,20.6,23.2
155,창원,2010-07-14,23.4,21,27.9
155,창원,2010-07-15,23.6,20.9,27.7
155,창원,2010-07-16,23.9,22.1,25.9
155,창원,2010-07-17,25.5,24,28.1
155,창원,2010-07-18,26.5,23.9,30.3
155,창원,2010-07-19,26.8,24,30.5
155,창원,2010-07-20,27.3,24.1,31.7
155,창원,2010-07-21,27.5,24.6,31
155,창원,2010-07-22,28.1,25.4,32.3
155,창원,2010-07-23,28,25.4,32.4
155,창원,2010-07-24,27.9,23.5,32.4
155,창원,2010-07-25,27.5,23,32.6
155,창원,2010-07-26,27.4,23.6,32.5
155,창원,2010-07-27,27.4,23.6,31.4
155,창원,2010-07-28,24.4,23.1,25.9
155,창원,2010-07-29,25.2,23.8,28.4
155,창원,2010-07-30,26.9,24.1,31.9
155,창원,2010-07-31,27.3,24.4,31.4
155,창원,2010-08-01,28.4,25.8,32.6
155,창원,2010-08-02,28.3,25.2,33.3
155,창원,2010-08-03,26.2,24.5,29.7
155,창원,2010-08-04,27.9,24.5,31.4
155,창원,2010-08-05,29.1,26.1,32.1
155,창원,2010-08-06,28.7,26.1,32.4
155,창원,2010-08-07,28.3,25,33.1
155,창원,2010-08-08,28,24.9,32.3
155,창원,2010-08-09,28.1,25.1,31.5
155,창원,2010-08-10,27.4,25,30
155,창원,2010-08-11,27.3,24.9,31
155,창원,2010-08-12,28.1,25,32.7
155,창원,2010-08-13,26.6,25.2,28.9
155,창원,2010-08-14,26.6,25.2,27.7
155,창원,2010-08-15,26.8,25,27.2
155,창원,2010-08-16,27.1,25.9,29.7
155,창원,2010-08-17,26.6,24.5,29.4
155,창원,2010-08-18,27,24.4,30.2
155,창원,2010-08-19,26.6,24.4,31.2
155,창원,2010-08-20,27.8,23.4,32.5
155,창원,2010-08-21,29.2,25.1,34.4
155,창원,2010-08-22,29.4,25.5,34.5
155,창원,2010-08-23,28.8,25.2,33.9
155,창원,2010-08-24,28.5,25.2,33.4
155,창원,2010-08-25,27.2,25.1,30.9
155,창원,2010-08-26,27.7,24.9,31.1
155,창원,2010-08-27,28.3,25.7,32.2
155,창원,2010-08-28,28.3,27.5,29.7
155,창원,2010-08-29,27,25.6,30.4
155,창원,2010-08-30,27.6,25,32
155,창원,2010-08-31,26.7,24,30.3
155,창원,2010-09-01,28.1,24.8,31.6
155,창원,2010-09-02,26.3,24.2,29.7
155,창원,2010-09-03,27.3,24.7,30.9
155,창원,2010-09-04,27.8,23.8,33.2
155,창원,2010-09-05,27.6,25.6,32.4
155,창원,2010-09-06,25.9,24.6,27.5
155,창원,2010-09-07,24.2,23.1,26.8
155,창원,2010-09-08,23.6,21.7,26.9
155,창원,2010-09-09,24,19.7,27.4
155,창원,2010-09-10,26.3,21.8,30.3
155,창원,2010-09-11,27,25.5,30.3
155,창원,2010-09-12,27,22.8,30.9
155,창원,2010-09-13,24.4,20,29.5
155,창원,2010-09-14,23.8,21.5,28.1
155,창원,2010-09-15,22.9,19,27.7
155,창원,2010-09-16,23.5,19.2,29.8
155,창원,2010-09-17,24.4,19.7,31.2
155,창원,2010-09-18,24.3,20.3,29.1
155,창원,2010-09-19,25,19.7,30.3
155,창원,2010-09-20,27,24.1,30.7
155,창원,2010-09-21,27.4,23.8,31.4
155,창원,2010-09-22,21.3,17.3,27.3
155,창원,2010-09-23,19.7,17,24.2
155,창원,2010-09-24,19.3,14.4,24.3
155,창원,2010-09-25,19.7,16,24
155,창원,2010-09-26,19.1,15.8,22.9
155,창원,2010-09-27,18.5,15.7,21.6
155,창원,2010-09-28,19.1,15.4,23.4
155,창원,2010-09-29,17.7,14.1,22.3
155,창원,2010-09-30,19.3,15.6,24.3
155,창원,2010-10-01,19.1,14.4,24.7
155,창원,2010-10-02,21.2,15.7,26.6
155,창원,2010-10-03,20.9,17.4,25.2
155,창원,2010-10-04,18.4,14.8,22.7
155,창원,2010-10-05,17.9,16,21.1
155,창원,2010-10-06,19.1,15.6,24.2
155,창원,2010-10-07,19.4,15.1,25.2
155,창원,2010-10-08,19.5,17.3,24.8
155,창원,2010-10-09,19.5,17.4,22.8
155,창원,2010-10-10,20.1,16,26.1
155,창원,2010-10-11,19.4,15.2,24.1
155,창원,2010-10-12,19.9,15.4,25.2
155,창원,2010-10-13,19.4,16.3,24
155,창원,2010-10-14,18.7,15.9,22.2
155,창원,2010-10-15,16.4,13.3,20.9
155,창원,2010-10-16,15.9,11,21.7
155,창원,2010-10-17,17,12.7,23
155,창원,2010-10-18,17.5,13.2,23.7
155,창원,2010-10-19,18.2,14.6,23.2
155,창원,2010-10-20,18.5,15,24
155,창원,2010-10-21,18.8,15.1,22.7
155,창원,2010-10-22,17.9,14,22.3
155,창원,2010-10-23,17.6,14,21.3
155,창원,2010-10-24,17.1,15.9,18.2
155,창원,2010-10-25,17.4,10.9,23.2
155,창원,2010-10-26,7.6,5,10.9
155,창원,2010-10-27,10.7,6.1,15.7
155,창원,2010-10-28,11.8,8.1,16
155,창원,2010-10-29,13.3,7.2,18.5
155,창원,2010-10-30,14.8,12.1,17.6
155,창원,2010-10-31,14.8,11.1,20.7
155,창원,2010-11-01,14.1,9.5,18.7
155,창원,2010-11-02,11.4,8.2,15.2
155,창원,2010-11-03,8.8,4.5,14.2
155,창원,2010-11-04,10.7,5.2,16.9
155,창원,2010-11-05,12,6.8,18.2
155,창원,2010-11-06,12.3,6.9,18.8
155,창원,2010-11-07,12.7,8.4,19.1
155,창원,2010-11-08,11.6,8,16.7
155,창원,2010-11-09,8.4,6.3,11.5
155,창원,2010-11-10,8.7,4.3,13.4
155,창원,2010-11-11,12.2,6,16.1
155,창원,2010-11-12,12.5,8.9,17.9
155,창원,2010-11-13,10.5,5.8,15
155,창원,2010-11-14,12.5,8.2,17.7
155,창원,2010-11-15,7.2,3.4,10.9
155,창원,2010-11-16,6.1,1.7,10.5
155,창원,2010-11-17,8,2.8,13.2
155,창원,2010-11-18,8.2,4.1,14.2
155,창원,2010-11-19,8.3,3.2,13.9
155,창원,2010-11-20,9.8,4,16.9
155,창원,2010-11-21,11.1,5.2,17.1
155,창원,2010-11-22,11.9,7.9,18.1
155,창원,2010-11-23,10.3,5.3,15.3
155,창원,2010-11-24,10.5,6.8,15.4
155,창원,2010-11-25,9.6,4.4,15
155,창원,2010-11-26,4.7,2,8.3
155,창원,2010-11-27,7.2,.5,13.9
155,창원,2010-11-28,4.1,1.1,8.1
155,창원,2010-11-29,7.7,1.6,12.9
155,창원,2010-11-30,10.6,6.6,15.9
155,창원,2010-12-01,10.5,5.7,17.4
155,창원,2010-12-02,8.8,7.1,11
155,창원,2010-12-03,6.6,2.4,10.8
155,창원,2010-12-04,6,1.1,11.7
155,창원,2010-12-05,8.8,3.1,15.4
155,창원,2010-12-06,9,4,16.1
155,창원,2010-12-07,4.1,1.9,7.8
155,창원,2010-12-08,4.6,1,8.6
155,창원,2010-12-09,3,.8,6.2
155,창원,2010-12-10,6.6,-1,13.7
155,창원,2010-12-11,6.3,.9,13.7
155,창원,2010-12-12,2,-1.7,4.8
155,창원,2010-12-13,5.3,2.2,8.2
155,창원,2010-12-14,5.3,-1.1,9.2
155,창원,2010-12-15,-2.9,-5.3,.1
155,창원,2010-12-16,-2.3,-6.4,2.1
155,창원,2010-12-17,2.7,-3.7,8.4
155,창원,2010-12-18,4.2,0,8.9
155,창원,2010-12-19,8.4,1.8,15
155,창원,2010-12-20,9.6,6.1,14.4
155,창원,2010-12-21,6.3,1.9,10.1
155,창원,2010-12-22,8.7,4.9,13.6
155,창원,2010-12-23,6.6,2.9,10.8
155,창원,2010-12-24,-3.2,-6.2,3.3
155,창원,2010-12-25,-3.9,-8.3,1.4
155,창원,2010-12-26,-1.7,-5.7,4
155,창원,2010-12-27,1.6,-2.5,7.6
155,창원,2010-12-28,2.8,.1,8.9
155,창원,2010-12-29,1.2,-1.3,5.1
155,창원,2010-12-30,.2,-3,3.6
155,창원,2010-12-31,-2.4,-4.7,1.5
155,창원,2011-01-01,-1,-6.1,4
155,창원,2011-01-02,2.2,-1.3,6.3
155,창원,2011-01-03,.8,-2.4,4.6
155,창원,2011-01-04,1.1,-1.2,4
155,창원,2011-01-05,1.6,-1.5,6.6
155,창원,2011-01-06,-.6,-2.9,2.4
155,창원,2011-01-07,-1.6,-5.7,2.6
155,창원,2011-01-08,.2,-4.7,5.8
155,창원,2011-01-09,1,-4.2,6.5
155,창원,2011-01-10,-3.2,-7.2,1
155,창원,2011-01-11,-.4,-4.1,5.3
155,창원,2011-01-12,-1.8,-4.6,1.8
155,창원,2011-01-13,-1.9,-6.7,3.4
155,창원,2011-01-14,1.2,-4,6.3
155,창원,2011-01-15,-3.6,-10.5,1.9
155,창원,2011-01-16,-6.7,-13.1,-.5
155,창원,2011-01-17,-3.3,-8.4,2.4
155,창원,2011-01-18,-1,-5,2.9
155,창원,2011-01-19,-.6,-4.9,4.3
155,창원,2011-01-20,-1.3,-4.2,1.6
155,창원,2011-01-21,-1.1,-4.5,3.3
155,창원,2011-01-22,.7,-4.4,5.2
155,창원,2011-01-23,2.2,-.6,5.9
155,창원,2011-01-24,-1.3,-4.6,3.1
155,창원,2011-01-25,-2.6,-6.1,2
155,창원,2011-01-26,-1.7,-6.1,4.2
155,창원,2011-01-27,-2.4,-5.7,2.2
155,창원,2011-01-28,-.5,-4,4.8
155,창원,2011-01-29,-3,-5.7,1.2
155,창원,2011-01-30,-3.7,-7.7,.2
155,창원,2011-01-31,-1.8,-7.4,4
155,창원,2011-02-01,2.6,-2.5,8.5
155,창원,2011-02-02,5.2,.5,11.6
155,창원,2011-02-03,4.2,-1.5,10.6
155,창원,2011-02-04,5,-.5,11.3
155,창원,2011-02-05,5.6,1.8,11.6
155,창원,2011-02-06,6.8,.7,12.3
155,창원,2011-02-07,5.9,3.5,10.1
155,창원,2011-02-08,4.1,2.9,5.2
155,창원,2011-02-09,5,2,8.8
155,창원,2011-02-10,1.5,.1,4.1
155,창원,2011-02-11,3.2,.4,6.6
155,창원,2011-02-12,-.1,-3,3.6
155,창원,2011-02-13,.1,-3.9,4.3
155,창원,2011-02-14,-.1,-1.4,2.3
155,창원,2011-02-15,1.9,-1.5,7
155,창원,2011-02-16,4.1,-1.8,10.1
155,창원,2011-02-17,4.3,3,5.2
155,창원,2011-02-18,4.7,.7,9
155,창원,2011-02-19,5.7,.1,11.6
155,창원,2011-02-20,7.9,3.1,12.9
155,창원,2011-02-21,6.6,2.5,11.8
155,창원,2011-02-22,6.3,.9,13.3
155,창원,2011-02-23,7.1,2.4,13.5
155,창원,2011-02-24,10.7,4.2,18
155,창원,2011-02-25,9.9,5.7,14.7
155,창원,2011-02-26,7.7,2.8,12.7
155,창원,2011-02-27,7.5,6.1,8.9
155,창원,2011-02-28,7.1,6.4,8.3
155,창원,2011-03-01,6,2.6,8.4
155,창원,2011-03-02,2.9,-.5,8.4
155,창원,2011-03-03,1.4,-2.8,5.9
155,창원,2011-03-04,3.3,-2,9.6
155,창원,2011-03-05,4.8,0,10.2
155,창원,2011-03-06,7.3,3.1,12.4
155,창원,2011-03-07,6.7,1.7,12.3
155,창원,2011-03-08,5.1,-.7,11.2
155,창원,2011-03-09,4.8,1.7,9
155,창원,2011-03-10,4.8,0,9.8
155,창원,2011-03-11,7.8,2.5,14.9
155,창원,2011-03-12,9.2,3.4,15.6
155,창원,2011-03-13,11.2,5.2,17.6
155,창원,2011-03-14,12.1,6.8,18.7
155,창원,2011-03-15,7.6,.8,13.6
155,창원,2011-03-16,3.4,-.7,9.6
155,창원,2011-03-17,4.3,-1.2,10.3
155,창원,2011-03-18,7.8,.8,13.2
155,창원,2011-03-19,11.5,7.5,16.6
155,창원,2011-03-20,9.8,8.1,12.6
155,창원,2011-03-21,9.3,7.4,13.9
155,창원,2011-03-22,6.7,2.9,9.8
155,창원,2011-03-23,4.9,0,10.9
155,창원,2011-03-24,7.7,3.6,13.2
155,창원,2011-03-25,5.7,2.8,10.1
155,창원,2011-03-26,5.3,-.1,11.3
155,창원,2011-03-27,7,.9,13.9
155,창원,2011-03-28,9.8,3.8,14.7
155,창원,2011-03-29,8.9,4.3,13.8
155,창원,2011-03-30,9.8,3.3,16.3
155,창원,2011-03-31,13.3,6.7,22.3
155,창원,2011-04-01,13.1,6.8,21.9
155,창원,2011-04-02,12,8.5,16.1
155,창원,2011-04-03,7.5,5.5,10.6
155,창원,2011-04-04,9,2.6,15.7
155,창원,2011-04-05,9.6,4.4,15.6
155,창원,2011-04-06,12.5,5.5,19.3
155,창원,2011-04-07,13.7,11.2,15.8
155,창원,2011-04-08,13.7,10.6,18.1
155,창원,2011-04-09,12.9,7.2,19.6
155,창원,2011-04-10,14.5,8.2,22
155,창원,2011-04-11,11.3,8.3,17.7
155,창원,2011-04-12,12,5.7,19.9
155,창원,2011-04-13,13.3,6.4,22.2
155,창원,2011-04-14,14,8,20.1
155,창원,2011-04-15,17.1,12.9,22.8
155,창원,2011-04-16,12.6,7.8,17
155,창원,2011-04-17,11.4,5.9,17.6
155,창원,2011-04-18,10.4,7.4,17.2
155,창원,2011-04-19,11.1,7.1,17.3
155,창원,2011-04-20,11.9,6.8,17
155,창원,2011-04-21,14,7.7,19.9
155,창원,2011-04-22,14.1,12.2,15.6
155,창원,2011-04-23,13.3,8.9,18.7
155,창원,2011-04-24,13,8,19.2
155,창원,2011-04-25,13.6,6.7,19.5
155,창원,2011-04-26,15.2,9.4,19.2
155,창원,2011-04-27,16.4,11.6,22.5
155,창원,2011-04-28,13.1,7.8,18.7
155,창원,2011-04-29,14.1,7.1,19.1
155,창원,2011-04-30,17.8,16.5,19.6
155,창원,2011-05-01,18.7,15.3,23.4
155,창원,2011-05-02,15.9,12.1,22.5
155,창원,2011-05-03,17.3,13,22.8
155,창원,2011-05-04,16.4,13.2,20.8
155,창원,2011-05-05,15.7,11.4,22.5
155,창원,2011-05-06,14.6,10.4,17.8
155,창원,2011-05-07,19.2,15.1,24.1
155,창원,2011-05-08,19.1,15.2,26.8
155,창원,2011-05-09,18.2,15.7,21.1
155,창원,2011-05-10,19.1,15.4,21.8
155,창원,2011-05-11,15.4,14.3,16.6
155,창원,2011-05-12,16.9,13.7,19.9
155,창원,2011-05-13,19.6,12.8,25.4
155,창원,2011-05-14,21.1,16,26.7
155,창원,2011-05-15,18.5,12.4,25
155,창원,2011-05-16,18.7,15,23.6
155,창원,2011-05-17,18.8,13.9,24.3
155,창원,2011-05-18,18,12.7,23.7
155,창원,2011-05-19,20,14.6,24.5
155,창원,2011-05-20,20,19.3,20.9
155,창원,2011-05-21,21.1,18.1,25.9
155,창원,2011-05-22,17.4,15.8,20.9
155,창원,2011-05-23,14.5,12.8,16.3
155,창원,2011-05-24,17.9,11.6,25.7
155,창원,2011-05-25,19.2,13.9,23.5
155,창원,2011-05-26,16.3,15.4,19.1
155,창원,2011-05-27,16.6,15.3,17.7
155,창원,2011-05-28,18.4,16,22.6
155,창원,2011-05-29,19.6,15.8,23.9
155,창원,2011-05-30,17.5,14.6,22.4
155,창원,2011-05-31,16.3,15.5,17.5
155,창원,2011-06-01,18.7,14.9,23
155,창원,2011-06-02,18.7,17.3,22.4
155,창원,2011-06-03,20.3,17,24.5
155,창원,2011-06-04,21.3,18.2,26.7
155,창원,2011-06-05,22.1,17.2,29.1
155,창원,2011-06-06,22.5,18,27.1
155,창원,2011-06-07,21.8,17.4,28.5
155,창원,2011-06-08,22.4,17.4,28.2
155,창원,2011-06-09,21.2,18.3,24.8
155,창원,2011-06-10,20.9,18.6,23.5
155,창원,2011-06-11,21.4,17.3,26.6
155,창원,2011-06-12,21.2,18.6,25.2
155,창원,2011-06-13,21.4,18.9,25.3
155,창원,2011-06-14,21,18.9,24.7
155,창원,2011-06-15,20.9,17.9,24.2
155,창원,2011-06-16,23.1,19.3,27.6
155,창원,2011-06-17,21.2,18.4,26
155,창원,2011-06-18,21.2,19,25.7
155,창원,2011-06-19,21.5,17.6,26.5
155,창원,2011-06-20,21.9,19,26.4
155,창원,2011-06-21,23.7,18.6,30.5
155,창원,2011-06-22,23.2,21.2,24.8
155,창원,2011-06-23,24.3,23.3,26.5
155,창원,2011-06-24,24.9,21,28.4
155,창원,2011-06-25,20.8,19.5,22.3
155,창원,2011-06-26,22.3,19.8,25.2
155,창원,2011-06-27,21.9,20.4,24.3
155,창원,2011-06-28,22.4,20.1,24.6
155,창원,2011-06-29,24.6,22.2,26.9
155,창원,2011-06-30,24.3,22.7,26.6
155,창원,2011-07-01,26.4,22.4,31.6
155,창원,2011-07-02,26.1,23.3,30.9
155,창원,2011-07-03,23.9,23.3,24.8
155,창원,2011-07-04,25.9,22.7,29.6
155,창원,2011-07-05,24.9,20.1,31.3
155,창원,2011-07-06,20.8,19.3,23.4
155,창원,2011-07-07,23.3,20.1,26.3
155,창원,2011-07-08,25.3,23.9,27.2
155,창원,2011-07-09,23.6,21.4,26.2
155,창원,2011-07-10,24.4,21.7,27.5
155,창원,2011-07-11,25.3,21.1,29.9
155,창원,2011-07-12,25.6,23.3,28.3
155,창원,2011-07-13,25.2,23.9,27.2
155,창원,2011-07-14,26.5,24.2,29.6
155,창원,2011-07-15,26.7,24.7,30
155,창원,2011-07-16,27.2,24.5,30.9
155,창원,2011-07-17,27.4,23.7,31.7
155,창원,2011-07-18,28.2,24.6,32.3
155,창원,2011-07-19,28.6,25.3,31.1
155,창원,2011-07-20,26.9,23.5,32.5
155,창원,2011-07-21,24.3,22.1,27.1
155,창원,2011-07-22,22.6,21.4,24.6
155,창원,2011-07-23,24.2,21,28.8
155,창원,2011-07-24,23.5,22.5,25.4
155,창원,2011-07-25,24.4,20.7,27.7
155,창원,2011-07-26,26.2,23.4,27.8
155,창원,2011-07-27,26.2,24.2,28.1
155,창원,2011-07-28,27.4,25.8,30.7
155,창원,2011-07-29,27.9,25.1,31.4
155,창원,2011-07-30,27.5,23.5,32.1
155,창원,2011-07-31,25.9,23.8,28.6
155,창원,2011-08-01,25.5,23.3,27.3
155,창원,2011-08-02,25.5,24,27
155,창원,2011-08-03,27.2,24.4,30.9
155,창원,2011-08-04,27.7,24.2,31.5
155,창원,2011-08-05,28.7,24.6,33
155,창원,2011-08-06,28.5,26.4,31.9
155,창원,2011-08-07,27.8,26,29.6
155,창원,2011-08-08,27.3,25.3,29.8
155,창원,2011-08-09,26.8,25.4,28.5
155,창원,2011-08-10,26.7,24.3,31.1
155,창원,2011-08-11,27.6,24.9,32.1
155,창원,2011-08-12,27.1,24.6,31.1
155,창원,2011-08-13,26.8,24,30.4
155,창원,2011-08-14,26.4,25,29.5
155,창원,2011-08-15,27.1,24.4,31.8
155,창원,2011-08-16,27,25.2,29.9
155,창원,2011-08-17,27,25.6,29.8
155,창원,2011-08-18,25.5,23.5,28.9
155,창원,2011-08-19,23,21.8,24.7
155,창원,2011-08-20,21,19.6,22.5
155,창원,2011-08-21,23,19.3,27.3
155,창원,2011-08-22,21.8,19.9,24
155,창원,2011-08-23,21.2,19.9,22.5
155,창원,2011-08-24,23.2,20.9,25.4
155,창원,2011-08-25,23.7,21.4,26.2
155,창원,2011-08-26,25.4,21.9,29.5
155,창원,2011-08-27,26,24,29.3
155,창원,2011-08-28,25.5,22.1,31
155,창원,2011-08-29,25.6,22.9,29.9
155,창원,2011-08-30,25.6,23,29.8
155,창원,2011-08-31,25.3,22.5,30.6
155,창원,2011-09-01,26.2,22.2,33.7
155,창원,2011-09-02,26.3,22.2,29.2
155,창원,2011-09-03,26.5,24.8,29.4
155,창원,2011-09-04,25.8,24,28.3
155,창원,2011-09-05,24,20.7,27.9
155,창원,2011-09-06,23.5,20,27.9
155,창원,2011-09-07,23,18.2,28.1
155,창원,2011-09-08,24.3,20,29.2
155,창원,2011-09-09,24.6,22.3,28.4
155,창원,2011-09-10,21.3,19.2,22.8
155,창원,2011-09-11,23.2,20.7,25.6
155,창원,2011-09-12,25.8,23.6,29.7
155,창원,2011-09-13,25.8,23.1,29.8
155,창원,2011-09-14,25.8,22.1,31.1
155,창원,2011-09-15,25.6,21.6,32.6
155,창원,2011-09-16,26.7,22.9,32.1
155,창원,2011-09-17,26.9,24.2,30.4
155,창원,2011-09-18,24.7,22,29.1
155,창원,2011-09-19,20.6,19.4,22.4
155,창원,2011-09-20,18.9,18.2,19.9
155,창원,2011-09-21,19.6,17.3,23.5
155,창원,2011-09-22,18.7,14.2,24.3
155,창원,2011-09-23,19.7,14.1,26.2
155,창원,2011-09-24,20.3,16.5,25.1
155,창원,2011-09-25,20.1,16.4,26.1
155,창원,2011-09-26,19.8,15.4,26.1
155,창원,2011-09-27,20.6,14.4,26.6
155,창원,2011-09-28,20.7,17.6,24.8
155,창원,2011-09-29,20.2,18.3,22
155,창원,2011-09-30,19.7,15.7,24.2
155,창원,2011-10-01,16.9,13.3,22.2
155,창원,2011-10-02,16.3,13.9,19.6
155,창원,2011-10-03,16,12.2,21.7
155,창원,2011-10-04,16.6,11.9,22.5
155,창원,2011-10-05,17.6,15.1,22.5
155,창원,2011-10-06,18.8,13.8,25.2
155,창원,2011-10-07,17.2,13.3,22.9
155,창원,2011-10-08,17.4,12.1,23.7
155,창원,2011-10-09,18.3,13.4,24
155,창원,2011-10-10,19.3,14.2,26.3
155,창원,2011-10-11,19.7,16.2,25.3
155,창원,2011-10-12,19.1,14.8,23.7
155,창원,2011-10-13,20.4,17.5,24.9
155,창원,2011-10-14,15.6,14.4,17.9
155,창원,2011-10-15,17.3,13.5,22.1
155,창원,2011-10-16,17.2,12.3,22.3
155,창원,2011-10-17,16.5,12.4,21.9
155,창원,2011-10-18,14.5,10.1,20.4
155,창원,2011-10-19,16.2,10.8,21.6
155,창원,2011-10-20,17.8,13.5,22.4
155,창원,2011-10-21,17.4,16.2,19.8
155,창원,2011-10-22,16.1,15,17.3
155,창원,2011-10-23,16.1,12.9,20.4
155,창원,2011-10-24,15.4,13.5,18.6
155,창원,2011-10-25,11,9,14.8
155,창원,2011-10-26,10.9,5.6,17.4
155,창원,2011-10-27,13.4,7.5,20.2
155,창원,2011-10-28,15.5,11.1,21.8
155,창원,2011-10-29,15.9,13.4,19.1
155,창원,2011-10-30,15.8,13.4,18.6
155,창원,2011-10-31,15.8,11.6,20.3
155,창원,2011-11-01,17.1,13.1,22.8
155,창원,2011-11-02,18.2,16.1,22.5
155,창원,2011-11-03,18.9,15.7,24.5
155,창원,2011-11-04,19.6,16.5,24.7
155,창원,2011-11-05,20.3,17.6,24.8
155,창원,2011-11-06,17.8,16.7,20.5
155,창원,2011-11-07,17.6,15.7,21.6
155,창원,2011-11-08,15.8,14.5,17.2
155,창원,2011-11-09,15.4,14.1,17.6
155,창원,2011-11-10,15.2,13.7,17.3
155,창원,2011-11-11,14.5,12.6,17.7
155,창원,2011-11-12,14.6,11.9,20.4
155,창원,2011-11-13,14.6,9.8,19
155,창원,2011-11-14,11.7,8.8,15.5
155,창원,2011-11-15,10.6,7.2,15.5
155,창원,2011-11-16,11.1,5.1,17.1
155,창원,2011-11-17,12.1,8.5,14.5
155,창원,2011-11-18,13.9,11.5,18
155,창원,2011-11-19,16.9,12,21.4
155,창원,2011-11-20,6.5,3.1,12
155,창원,2011-11-21,5.1,1.6,10.1
155,창원,2011-11-22,7.2,2.3,11.1
155,창원,2011-11-23,8.1,4.1,15.6
155,창원,2011-11-24,5.1,2.2,10.3
155,창원,2011-11-25,5.4,2.1,9.7
155,창원,2011-11-26,8,2.6,14.3
155,창원,2011-11-27,11.9,5.9,18.8
155,창원,2011-11-28,13.7,12,15.6
155,창원,2011-11-29,14.4,12.8,17.5
155,창원,2011-11-30,11.4,7.8,14.8
155,창원,2011-12-01,7.8,6.5,9.2
155,창원,2011-12-02,8.6,5.7,11.3
155,창원,2011-12-03,8.6,6.1,11.9
155,창원,2011-12-04,7.9,3.6,11.7
155,창원,2011-12-05,6.7,3.9,10.7
155,창원,2011-12-06,7.2,4.5,10.2
155,창원,2011-12-07,9,6.5,11.1
155,창원,2011-12-08,6.9,2.1,11.9
155,창원,2011-12-09,2,0,6.1
155,창원,2011-12-10,2.2,-1.5,7.4
155,창원,2011-12-11,5.1,.7,10
155,창원,2011-12-12,6.8,1.9,10.4
155,창원,2011-12-13,6.8,1.6,11.8
155,창원,2011-12-14,7.7,2,13.5
155,창원,2011-12-15,3.4,-1.5,9.2
155,창원,2011-12-16,-.7,-3.1,3
155,창원,2011-12-17,-1.4,-5.4,3
155,창원,2011-12-18,2,-2.4,6.9
155,창원,2011-12-19,2.3,-.7,6.5
155,창원,2011-12-20,3.3,-1.2,6.5
155,창원,2011-12-21,5,.9,9
155,창원,2011-12-22,2,-3.2,5.7
155,창원,2011-12-23,-1.7,-4.9,2.7
155,창원,2011-12-24,-.2,-3.9,5.2
155,창원,2011-12-25,-.7,-5,3.3
155,창원,2011-12-26,-1.5,-4.7,2
155,창원,2011-12-27,.5,-3.7,5.8
155,창원,2011-12-28,3.4,-.6,7.3
155,창원,2011-12-29,4.2,-.1,9.5
155,창원,2011-12-30,3,-.8,8.1
155,창원,2011-12-31,2.6,-1.2,5.9
155,창원,2012-01-01,2.4,-1.6,8.2
155,창원,2012-01-02,.7,-3.5,5.6
155,창원,2012-01-03,1,-1.5,4.4
155,창원,2012-01-04,-1.1,-3.3,2.2
155,창원,2012-01-05,-1,-4.6,3.3
155,창원,2012-01-06,1.3,-1.7,5
155,창원,2012-01-07,1.1,-2,6.5
155,창원,2012-01-08,2.9,-1.5,7.6
155,창원,2012-01-09,2.8,0,6
155,창원,2012-01-10,3.2,-.6,8.1
155,창원,2012-01-11,.6,-2.2,3.6
155,창원,2012-01-12,-.9,-5.5,4.1
155,창원,2012-01-13,2.8,-2.9,7.6
155,창원,2012-01-14,2.5,-.9,7
155,창원,2012-01-15,3.2,1.4,5.5
155,창원,2012-01-16,4.4,2.2,6.5
155,창원,2012-01-17,6.5,2.9,10.9
155,창원,2012-01-18,6.4,4.5,8.8
155,창원,2012-01-19,7.5,5.6,9.2
155,창원,2012-01-20,8.9,7.4,11.7
155,창원,2012-01-21,7.5,5.6,10.4
155,창원,2012-01-22,2.8,-2.3,6.7
155,창원,2012-01-23,-3.8,-6.9,1.3
155,창원,2012-01-24,-3,-6.9,1.5
155,창원,2012-01-25,-2.6,-5.3,1.3
155,창원,2012-01-26,-1.2,-7,4.3
155,창원,2012-01-27,4.1,-1,9.6
155,창원,2012-01-28,4.2,1,8.5
155,창원,2012-01-29,3.4,-.3,7.8
155,창원,2012-01-30,.8,-1.9,4
155,창원,2012-01-31,2.1,-4.1,6.2
155,창원,2012-02-01,-.7,-6.1,6.2
155,창원,2012-02-02,-7.1,-10.3,-3.4
155,창원,2012-02-03,-3.3,-9.5,2.9
155,창원,2012-02-04,1.3,-4.3,7.4
155,창원,2012-02-05,1.7,-1.4,6.5
155,창원,2012-02-06,3,-.6,5.8
155,창원,2012-02-07,.7,-5.7,4.4
155,창원,2012-02-08,-3.2,-7.7,2.7
155,창원,2012-02-09,-.7,-5,3.5
155,창원,2012-02-10,1.4,-1.6,4.9
155,창원,2012-02-11,1.3,-2.3,5.9
155,창원,2012-02-12,2.5,-3,7.2
155,창원,2012-02-13,3.4,1.2,4.5
155,창원,2012-02-14,4.5,2.4,6.7
155,창원,2012-02-15,6.7,4.3,10.1
155,창원,2012-02-16,3.4,1.1,7.1
155,창원,2012-02-17,-.6,-3.7,3.8
155,창원,2012-02-18,-2.3,-6.1,1.6
155,창원,2012-02-19,-.6,-5.4,5.3
155,창원,2012-02-20,2,-3.3,7.7
155,창원,2012-02-21,2.5,-.4,6.7
155,창원,2012-02-22,5.6,2.1,8.5
155,창원,2012-02-23,9.7,6,14.7
155,창원,2012-02-24,6.9,4.6,9.6
155,창원,2012-02-25,5.7,3.7,8.2
155,창원,2012-02-26,3.5,1.8,6.2
155,창원,2012-02-27,3.2,-1.2,9
155,창원,2012-02-28,3.7,.2,6.6
155,창원,2012-02-29,7.5,2.1,12.7
155,창원,2012-03-01,8.5,3.3,14.9
155,창원,2012-03-02,8.2,6.2,9.8
155,창원,2012-03-03,8,5.5,11.4
155,창원,2012-03-04,6.8,5.5,8.6
155,창원,2012-03-05,6.7,5.6,8
155,창원,2012-03-06,7.2,4,10.6
155,창원,2012-03-07,6.1,2.3,12.4
155,창원,2012-03-08,7.7,4.4,12.1
155,창원,2012-03-09,7.9,4,12.8
155,창원,2012-03-10,7.6,5,11.3
155,창원,2012-03-11,3.2,-1.3,7.1
155,창원,2012-03-12,2,-3.2,8.6
155,창원,2012-03-13,3.3,-1.2,9.4
155,창원,2012-03-14,6.5,.1,12.8
155,창원,2012-03-15,8.3,3.7,14.6
155,창원,2012-03-16,8.3,6.4,10.6
155,창원,2012-03-17,11.3,8.2,16.1
155,창원,2012-03-18,12,8.7,18.5
155,창원,2012-03-19,7.4,4.3,11.6
155,창원,2012-03-20,7.5,4,13.3
155,창원,2012-03-21,7.6,2.6,14
155,창원,2012-03-22,6.2,3.6,8.1
155,창원,2012-03-23,8,6.7,8.9
155,창원,2012-03-24,7.1,3.9,11.8
155,창원,2012-03-25,6.1,2.5,12.1
155,창원,2012-03-26,6.5,-.5,11.9
155,창원,2012-03-27,10,3.6,17.5
155,창원,2012-03-28,11.7,6,19.6
155,창원,2012-03-29,13.1,5.7,18.2
155,창원,2012-03-30,14.6,11.4,16.6
155,창원,2012-03-31,10,5.8,14.5
155,창원,2012-04-01,7.5,1.7,13.4
155,창원,2012-04-02,11.6,3.9,16.5
155,창원,2012-04-03,10.5,4.8,16.4
155,창원,2012-04-04,10.7,2,16.8
155,창원,2012-04-05,11.6,6.9,17.8
155,창원,2012-04-06,9.6,2.7,16.6
155,창원,2012-04-07,8.3,2.8,15.2
155,창원,2012-04-08,13.9,5.7,21.6
155,창원,2012-04-09,16.6,13.2,22.5
155,창원,2012-04-10,14.3,12.1,17.8
155,창원,2012-04-11,15.8,11.7,21.8
155,창원,2012-04-12,14.3,8.3,19.7
155,창원,2012-04-13,12.6,10.3,15.3
155,창원,2012-04-14,14.3,10.2,21.2
155,창원,2012-04-15,15.9,10.7,22.5
155,창원,2012-04-16,16.8,11.5,24.1
155,창원,2012-04-17,13.6,9.7,18.4
155,창원,2012-04-18,13.7,9.5,19.4
155,창원,2012-04-19,13.6,10.8,16.7
155,창원,2012-04-20,14.6,12.4,17.5
155,창원,2012-04-21,14.5,12.9,16.1
155,창원,2012-04-22,15.3,12.2,21.1
155,창원,2012-04-23,16.2,9.9,22.6
155,창원,2012-04-24,18.6,12.4,25.8
155,창원,2012-04-25,14.8,12.6,18.1
155,창원,2012-04-26,16.1,11.3,21.3
155,창원,2012-04-27,15.2,8.7,21.5
155,창원,2012-04-28,16.2,9,23.2
155,창원,2012-04-29,16.6,12.6,20.2
155,창원,2012-04-30,17.4,15.2,18.6
155,창원,2012-05-01,18.3,16.7,21
155,창원,2012-05-02,18.5,16.2,20.7
155,창원,2012-05-03,16.6,13.9,20.8
155,창원,2012-05-04,18.6,13.4,26.5
155,창원,2012-05-05,24.3,15.4,30.9
155,창원,2012-05-06,21,16.3,28
155,창원,2012-05-07,20.1,13.7,27.7
155,창원,2012-05-08,19.5,15.5,24.9
155,창원,2012-05-09,18.5,14.7,27
155,창원,2012-05-10,16.2,14.2,19.6
155,창원,2012-05-11,14.5,13.4,16.9
155,창원,2012-05-12,14,10.2,18.4
155,창원,2012-05-13,15.7,11.6,19.7
155,창원,2012-05-14,16.2,14.3,17.2
155,창원,2012-05-15,19.6,15.7,26
155,창원,2012-05-16,19.3,13.3,24.8
155,창원,2012-05-17,19.6,15.6,25.6
155,창원,2012-05-18,17.4,12.6,25.5
155,창원,2012-05-19,17.5,13.8,22
155,창원,2012-05-20,19.1,13.1,25.2
155,창원,2012-05-21,21.1,15.2,26.5
155,창원,2012-05-22,19.8,16,26.7
155,창원,2012-05-23,21.2,15.3,28.7
155,창원,2012-05-24,21.9,17.3,27.7
155,창원,2012-05-25,19.8,17.3,23.6
155,창원,2012-05-26,20.6,15.7,28.4
155,창원,2012-05-27,22.2,15.6,29.7
155,창원,2012-05-28,20.1,17.1,24.6
155,창원,2012-05-29,21,15.4,27.9
155,창원,2012-05-30,19.3,18.1,21.2
155,창원,2012-05-31,19.1,16.4,23.9
155,창원,2012-06-01,19.4,15.5,24.2
155,창원,2012-06-02,20.9,16.8,26.6
155,창원,2012-06-03,19.9,16.2,25.3
155,창원,2012-06-04,21.1,16.4,25.6
155,창원,2012-06-05,22.9,19.1,28.8
155,창원,2012-06-06,23.6,19,30.1
155,창원,2012-06-07,22.7,19.7,28.1
155,창원,2012-06-08,20,19,21.6
155,창원,2012-06-09,20.6,18,24.6
155,창원,2012-06-10,21,17.5,26
155,창원,2012-06-11,21,17.6,24.7
155,창원,2012-06-12,23.1,19.6,27.3
155,창원,2012-06-13,22.1,18.9,26.7
155,창원,2012-06-14,21.5,17.7,24.9
155,창원,2012-06-15,20.7,18.8,22.7
155,창원,2012-06-16,22.1,19.6,26.3
155,창원,2012-06-17,23.3,18.6,28.4
155,창원,2012-06-18,20.7,19.3,23.6
155,창원,2012-06-19,21.8,19.7,25.9
155,창원,2012-06-20,21.2,19.6,23.1
155,창원,2012-06-21,23.5,19.1,27.5
155,창원,2012-06-22,22.3,18.9,26.7
155,창원,2012-06-23,22.7,19.4,26.2
155,창원,2012-06-24,22.7,19.8,24.7
155,창원,2012-06-25,22.7,19.6,26.4
155,창원,2012-06-26,21.4,20.4,23
155,창원,2012-06-27,20.7,19.9,21.9
155,창원,2012-06-28,23.1,19.7,28.6
155,창원,2012-06-29,22.3,18.7,26.7
155,창원,2012-06-30,24.4,21.4,26.2
155,창원,2012-07-01,24.6,22,29.7
155,창원,2012-07-02,24.6,21,29.7
155,창원,2012-07-03,24.8,21.6,30.3
155,창원,2012-07-04,25.7,22.9,29.9
155,창원,2012-07-05,24.2,22.8,26.7
155,창원,2012-07-06,24.9,23.3,26.5
155,창원,2012-07-07,22.1,20.5,25.8
155,창원,2012-07-08,22.7,20.1,26.5
155,창원,2012-07-09,23.7,21.2,27.5
155,창원,2012-07-10,23.8,22.2,26.8
155,창원,2012-07-11,24.6,22.5,26
155,창원,2012-07-12,26,22.7,30.6
155,창원,2012-07-13,24.5,22.9,26.2
155,창원,2012-07-14,23.1,22,25.4
155,창원,2012-07-15,25.2,21.7,26.9
155,창원,2012-07-16,24.3,23,27.4
155,창원,2012-07-17,24.9,22.5,28.1
155,창원,2012-07-18,27,25.1,30.2
155,창원,2012-07-19,25.9,25,27.8
155,창원,2012-07-20,27.2,24.6,31.4
155,창원,2012-07-21,25.5,23.4,29.5
155,창원,2012-07-22,25.8,24,28.5
155,창원,2012-07-23,27.7,24.4,31.8
155,창원,2012-07-24,28.4,24.1,32.8
155,창원,2012-07-25,28.9,24.4,34.1
155,창원,2012-07-26,28.5,24.7,33.7
155,창원,2012-07-27,28.5,24.4,33.3
155,창원,2012-07-28,29.5,25.7,34.5
155,창원,2012-07-29,29.7,25.7,34.8
155,창원,2012-07-30,29.2,25.8,33.7
155,창원,2012-07-31,29.1,25.1,34
155,창원,2012-08-01,30.2,25.2,35.5
155,창원,2012-08-02,30,28,32.7
155,창원,2012-08-03,30,27.2,33.3
155,창원,2012-08-04,30.1,26.5,34.6
155,창원,2012-08-05,29.4,25.7,35
155,창원,2012-08-06,29.7,26.7,33.4
155,창원,2012-08-07,28.8,25.1,33.4
155,창원,2012-08-08,27.2,24.4,32.1
155,창원,2012-08-09,27.4,24.1,32.9
155,창원,2012-08-10,27.5,25.1,32
155,창원,2012-08-11,28.4,24.9,32.3
155,창원,2012-08-12,28.2,25.5,32.9
155,창원,2012-08-13,26.9,25.6,28.2
155,창원,2012-08-14,26.2,24.4,28.2
155,창원,2012-08-15,28,25.3,31
155,창원,2012-08-16,28.4,25.7,33
155,창원,2012-08-17,27.5,24.8,30.9
155,창원,2012-08-18,28.4,26,33.1
155,창원,2012-08-19,28.5,26.1,32.2
155,창원,2012-08-20,27.6,24.4,30.7
155,창원,2012-08-21,27.6,25.2,30.7
155,창원,2012-08-22,24.5,23,26.5
155,창원,2012-08-23,23,21.8,24
155,창원,2012-08-24,23.7,22,25.7
155,창원,2012-08-25,26.3,22.9,30.8
155,창원,2012-08-26,28.1,23.7,33
155,창원,2012-08-27,28.7,26.1,31.4
155,창원,2012-08-28,27,25.4,28.9
155,창원,2012-08-29,27.3,25,31.1
155,창원,2012-08-30,24.7,21.3,27.3
155,창원,2012-08-31,23.8,20.3,29.1
155,창원,2012-09-01,23.4,20,28.7
155,창원,2012-09-02,24.1,20.8,29.1
155,창원,2012-09-03,24.4,21.7,28.8
155,창원,2012-09-04,25.2,21.7,30
155,창원,2012-09-05,24.8,22.6,28.7
155,창원,2012-09-06,23.7,19.9,29.5
155,창원,2012-09-07,24.4,20.3,28.3
155,창원,2012-09-08,24.4,20.3,28.4
155,창원,2012-09-09,21,19.5,23.6
155,창원,2012-09-10,21.3,18.1,25.7
155,창원,2012-09-11,21.8,17.7,27.6
155,창원,2012-09-12,21.8,17.2,27.3
155,창원,2012-09-13,23.8,20.5,27.7
155,창원,2012-09-14,22.6,21.1,23.7
155,창원,2012-09-15,20.2,18.5,22.3
155,창원,2012-09-16,20.2,19.1,21.4
155,창원,2012-09-17,21.7,19,26
155,창원,2012-09-18,21.3,18.2,26.2
155,창원,2012-09-19,20.8,16.3,27.1
155,창원,2012-09-20,20.8,16.5,25.9
155,창원,2012-09-21,20.7,16.9,26.2
155,창원,2012-09-22,21,17.1,25.8
155,창원,2012-09-23,21,17,27
155,창원,2012-09-24,20.8,16.5,26.3
155,창원,2012-09-25,21,15.9,26.5
155,창원,2012-09-26,20.6,15.6,25.8
155,창원,2012-09-27,21,16.7,25.6
155,창원,2012-09-28,20.7,16.9,25.4
155,창원,2012-09-29,19.9,15.7,24.6
155,창원,2012-09-30,18.9,15.1,23.1
155,창원,2012-10-01,19,14.9,25
155,창원,2012-10-02,18.7,15.1,25.2
155,창원,2012-10-03,19.2,14.4,24.7
155,창원,2012-10-04,19.4,14.6,25.1
155,창원,2012-10-05,19.4,16.1,23.5
155,창원,2012-10-06,20,17.2,24.9
155,창원,2012-10-07,18.3,13.8,24.5
155,창원,2012-10-08,17.3,12.8,22.5
155,창원,2012-10-09,17.2,12.5,23.3
155,창원,2012-10-10,18.8,13.5,24.2
155,창원,2012-10-11,16.4,13.1,21.9
155,창원,2012-10-12,16.3,11.9,22.6
155,창원,2012-10-13,17,13.1,23
155,창원,2012-10-14,18,13.6,23.4
155,창원,2012-10-15,17.2,13.4,23.5
155,창원,2012-10-16,17.6,12.8,23.9
155,창원,2012-10-17,16.5,11.7,23.1
155,창원,2012-10-18,13.5,9.3,18.5
155,창원,2012-10-19,15.3,10.8,20.9
155,창원,2012-10-20,15.6,11,22.1
155,창원,2012-10-21,16.9,11.2,23.8
155,창원,2012-10-22,17.5,14,22.6
155,창원,2012-10-23,14.4,10.3,19.3
155,창원,2012-10-24,14.2,9,19.2
155,창원,2012-10-25,15.1,10,21.4
155,창원,2012-10-26,16.6,11.7,22.3
155,창원,2012-10-27,17,15.2,19.5
155,창원,2012-10-28,18.6,13.9,23.7
155,창원,2012-10-29,14.7,10.6,20.6
155,창원,2012-10-30,14.1,10.3,17.1
155,창원,2012-10-31,11.4,8.7,16.1
155,창원,2012-11-01,10.3,6.5,14.3
155,창원,2012-11-02,9,5.1,14.5
155,창원,2012-11-03,11.1,5.1,17.2
155,창원,2012-11-04,12.3,9.5,15.2
155,창원,2012-11-05,13,9.7,17.3
155,창원,2012-11-06,12.3,8.8,16.3
155,창원,2012-11-07,12.8,8.7,18.3
155,창원,2012-11-08,12.9,8.3,16.8
155,창원,2012-11-09,13.9,9.6,18.4
155,창원,2012-11-10,14.3,12.7,16.5
155,창원,2012-11-11,12.3,8.7,18.2
155,창원,2012-11-12,11,6.7,16.3
155,창원,2012-11-13,10.4,7.7,14.9
155,창원,2012-11-14,7.4,5.3,11
155,창원,2012-11-15,7.3,3.6,13
155,창원,2012-11-16,9.3,3.9,13.5
155,창원,2012-11-17,9.8,5.3,14.2
155,창원,2012-11-18,7.6,4.4,12.9
155,창원,2012-11-19,8.5,3.2,14.9
155,창원,2012-11-20,6,2.7,8.3
155,창원,2012-11-21,7.2,2.1,11.3
155,창원,2012-11-22,9.3,5.2,13.5
155,창원,2012-11-23,9.8,7.4,13
155,창원,2012-11-24,6.2,3.5,9.6
155,창원,2012-11-25,6.3,1.2,10.8
155,창원,2012-11-26,5.9,3.3,10.5
155,창원,2012-11-27,3.9,.5,8.4
155,창원,2012-11-28,9.1,2,16.1
155,창원,2012-11-29,6.8,4.1,10.3
155,창원,2012-11-30,5.6,3.1,9
155,창원,2012-12-01,5.1,.9,8.4
155,창원,2012-12-02,5.8,4.1,7.1
155,창원,2012-12-03,7.3,3.3,11.9
155,창원,2012-12-04,3.7,1.2,7.2
155,창원,2012-12-05,3.6,.7,6.8
155,창원,2012-12-06,-.1,-3.1,2.2
155,창원,2012-12-07,.4,-1.5,2.4
155,창원,2012-12-08,.4,-2.8,3.5
155,창원,2012-12-09,-2.3,-5.9,1.6
155,창원,2012-12-10,-1.4,-4.9,2.7
155,창원,2012-12-11,-.1,-4,4.9
155,창원,2012-12-12,.6,-3.8,6.1
155,창원,2012-12-13,3.1,-2.8,10.3
155,창원,2012-12-14,5.1,1.5,12.6
155,창원,2012-12-15,8.2,5.8,10.5
155,창원,2012-12-16,7.9,3.8,12.4
155,창원,2012-12-17,6.2,3.3,9.7
155,창원,2012-12-18,.4,-2.8,4
155,창원,2012-12-19,-1.2,-5.1,2.7
155,창원,2012-12-20,2.3,-2.4,6.5
155,창원,2012-12-21,2,.8,3.3
155,창원,2012-12-22,3.5,.6,5.6
155,창원,2012-12-23,-1.7,-5.7,1.6
155,창원,2012-12-24,-3.9,-8,-.2
155,창원,2012-12-25,-.3,-4.3,5.6
155,창원,2012-12-26,-3.1,-6.6,1.5
155,창원,2012-12-27,0,-5.9,4.9
155,창원,2012-12-28,.6,-2.1,2.8
155,창원,2012-12-29,2.3,-.7,6.3
155,창원,2012-12-30,-.2,-4.7,3.1
155,창원,2012-12-31,-2.7,-6.4,1.7
155,창원,2013-01-01,1.2,-4.8,7.3
155,창원,2013-01-02,-.7,-6.7,3.8
155,창원,2013-01-03,-6.1,-8,-3.1
155,창원,2013-01-04,-4.1,-8.8,1.2
155,창원,2013-01-05,-2,-6.6,2.2
155,창원,2013-01-06,0,-2.4,4.5
155,창원,2013-01-07,.6,-3.9,5.8
155,창원,2013-01-08,1.5,-.7,5.2
155,창원,2013-01-09,-1.7,-4.7,1.1
155,창원,2013-01-10,-3,-6.1,.8
155,창원,2013-01-11,-.2,-3.9,4.4
155,창원,2013-01-12,3.4,-1.7,9.9
155,창원,2013-01-13,2.9,.5,4.8
155,창원,2013-01-14,4.2,.4,9.2
155,창원,2013-01-15,2.3,-1.7,7.4
155,창원,2013-01-16,3.4,-.5,8.5
155,창원,2013-01-17,.1,-2.2,3.4
155,창원,2013-01-18,0,-3.9,6.1
155,창원,2013-01-19,2.2,-3,7.7
155,창원,2013-01-20,3.7,-.8,8.1
155,창원,2013-01-21,4.7,3.1,6.2
155,창원,2013-01-22,5.8,4,7.2
155,창원,2013-01-23,4.3,2.5,5.4
155,창원,2013-01-24,3.4,-.7,7.9
155,창원,2013-01-25,0,-2.7,3.6
155,창원,2013-01-26,-1.1,-4.6,3.6
155,창원,2013-01-27,-1.9,-5.7,3.6
155,창원,2013-01-28,.4,-5.8,7.4
155,창원,2013-01-29,4.3,-1.5,10
155,창원,2013-01-30,5.9,.7,11.8
155,창원,2013-01-31,7.9,3.3,12.8
155,창원,2013-02-01,11.1,7.6,14
155,창원,2013-02-02,8,3.6,11.9
155,창원,2013-02-03,3.1,.1,5.5
155,창원,2013-02-04,4.4,.8,9.2
155,창원,2013-02-05,3,1,5.7
155,창원,2013-02-06,4.4,.9,8.1
155,창원,2013-02-07,-1.6,-7.8,2
155,창원,2013-02-08,-5.4,-11,-.6
155,창원,2013-02-09,-1.8,-6.2,2.7
155,창원,2013-02-10,1.9,-3.2,7.4
155,창원,2013-02-11,.9,-2.2,5.8
155,창원,2013-02-12,.6,-.7,2.2
155,창원,2013-02-13,1.3,-2.7,6.5
155,창원,2013-02-14,4.6,-.6,9.6
155,창원,2013-02-15,5.1,-.1,9.6
155,창원,2013-02-16,1,-3.2,6.6
155,창원,2013-02-17,2.6,-.6,6
155,창원,2013-02-18,4.9,2.2,6.8
155,창원,2013-02-19,3.1,-.1,6.5
155,창원,2013-02-20,.7,-3.2,5.2
155,창원,2013-02-21,3,-2.1,8.4
155,창원,2013-02-22,5.2,.3,10.8
155,창원,2013-02-23,2.9,-1.1,9
155,창원,2013-02-24,4.3,-1.2,10
155,창원,2013-02-25,6.5,.8,12.2
155,창원,2013-02-26,6.9,4.6,10.1
155,창원,2013-02-27,9.7,3.3,15.8
155,창원,2013-02-28,10.4,5,15.2
155,창원,2013-03-01,8.6,.5,13.2
155,창원,2013-03-02,2.4,-1.8,8.6
155,창원,2013-03-03,4.7,-.4,11.2
155,창원,2013-03-04,6.8,.9,12.8
155,창원,2013-03-05,7.7,1.2,13.6
155,창원,2013-03-06,9.1,2.4,17.2
155,창원,2013-03-07,11.9,8.6,16.3
155,창원,2013-03-08,12,4.4,18.8
155,창원,2013-03-09,14,6.6,20.3
155,창원,2013-03-10,11.6,5,16.8
155,창원,2013-03-11,6.9,1.7,12.8
155,창원,2013-03-12,10.4,3.4,15.8
155,창원,2013-03-13,12.3,6,17.3
155,창원,2013-03-14,6,3.5,9.4
155,창원,2013-03-15,8,1.9,14.7
155,창원,2013-03-16,11,5.4,18
155,창원,2013-03-17,10.7,5.4,15.9
155,창원,2013-03-18,13.9,10.8,17.8
155,창원,2013-03-19,13.1,7.8,17.9
155,창원,2013-03-20,11,3.1,16.4
155,창원,2013-03-21,5.2,-1.1,11.4
155,창원,2013-03-22,8.8,2.5,14
155,창원,2013-03-23,9.5,5.5,13.4
155,창원,2013-03-24,11.1,5.8,16.2
155,창원,2013-03-25,8.4,5.3,12.6
155,창원,2013-03-26,7.8,2.6,12.4
155,창원,2013-03-27,11,6,17.1
155,창원,2013-03-28,13.1,7.1,21
155,창원,2013-03-29,10.7,7.5,16
155,창원,2013-03-30,10.1,5,14.3
155,창원,2013-03-31,9.9,6.8,15.3
155,창원,2013-04-01,11,5.3,16.9
155,창원,2013-04-02,11.4,7.9,18.2
155,창원,2013-04-03,12.2,6.5,20.4
155,창원,2013-04-04,14.3,9.9,19.5
155,창원,2013-04-05,13,7.3,18.4
155,창원,2013-04-06,11.4,4.8,14.4
155,창원,2013-04-07,7.8,4.7,12.3
155,창원,2013-04-08,10.1,2,17.1
155,창원,2013-04-09,10.8,6.4,17.4
155,창원,2013-04-10,7.2,3.2,11.7
155,창원,2013-04-11,9.6,4.2,15.3
155,창원,2013-04-12,9.8,4.3,15.6
155,창원,2013-04-13,12.1,4.8,17.9
155,창원,2013-04-14,15.9,10.1,21.7
155,창원,2013-04-15,11.3,5.8,17
155,창원,2013-04-16,17.6,11.7,22.4
155,창원,2013-04-17,13.8,10.9,18.3
155,창원,2013-04-18,14.2,10.1,20.2
155,창원,2013-04-19,10.5,8.1,15.4
155,창원,2013-04-20,8,6.6,9.4
155,창원,2013-04-21,10.8,5.4,16.5
155,창원,2013-04-22,12.7,6.7,20
155,창원,2013-04-23,11.6,9.4,14.4
155,창원,2013-04-24,17.4,13.5,22.6
155,창원,2013-04-25,15.4,9.7,21.8
155,창원,2013-04-26,14.6,10.4,19.4
155,창원,2013-04-27,13.8,8.8,20.3
155,창원,2013-04-28,15,9.1,21
155,창원,2013-04-29,16.9,11.5,19.2
155,창원,2013-04-30,14.8,9.7,20.3
155,창원,2013-05-01,12.3,10.1,17.2
155,창원,2013-05-02,13.5,10.4,17.2
155,창원,2013-05-03,14.6,9.3,19.1
155,창원,2013-05-04,16,11.5,22.6
155,창원,2013-05-05,17.7,10.9,25.4
155,창원,2013-05-06,20.3,13.9,28.8
155,창원,2013-05-07,16.2,11.7,20.8
155,창원,2013-05-08,15.9,9.7,21.3
155,창원,2013-05-09,18,12.1,23.7
155,창원,2013-05-10,18,15.3,22.7
155,창원,2013-05-11,19.8,13.7,27.9
155,창원,2013-05-12,19.4,13.6,24.4
155,창원,2013-05-13,21.1,14.5,29.2
155,창원,2013-05-14,20.5,13.6,27.3
155,창원,2013-05-15,20.5,15.8,26.2
155,창원,2013-05-16,17.1,14.6,21.9
155,창원,2013-05-17,16.5,12.6,22.1
155,창원,2013-05-18,18.1,11.6,23.6
155,창원,2013-05-19,18.5,16.2,21.8
155,창원,2013-05-20,19.5,16.9,24
155,창원,2013-05-21,19.5,13.4,25.8
155,창원,2013-05-22,21,14,27.2
155,창원,2013-05-23,20.7,16.4,26.3
155,창원,2013-05-24,23,16,32
155,창원,2013-05-25,20,16.4,24.8
155,창원,2013-05-26,20.1,16.4,24.7
155,창원,2013-05-27,20.1,18.5,22.9
155,창원,2013-05-28,20.1,18,22.4
155,창원,2013-05-29,20.4,18.7,26
155,창원,2013-05-30,21.3,17,27.1
155,창원,2013-05-31,20.5,16.7,25.4
155,창원,2013-06-01,20,17.4,24.3
155,창원,2013-06-02,20.8,16.1,27.8
155,창원,2013-06-03,20.3,16.2,25.6
155,창원,2013-06-04,22,16.6,28.4
155,창원,2013-06-05,21.9,17.1,28
155,창원,2013-06-06,21.3,17.5,28
155,창원,2013-06-07,20.5,17.7,24.6
155,창원,2013-06-08,21.3,16.9,26.2
155,창원,2013-06-09,22.3,19.6,25.4
155,창원,2013-06-10,23.2,19.5,26.6
155,창원,2013-06-11,21.5,20.3,24
155,창원,2013-06-12,21.9,20,24.9
155,창원,2013-06-13,21.9,20.8,24.2
155,창원,2013-06-14,21.3,20.3,22.9
155,창원,2013-06-15,24.3,20.5,30
155,창원,2013-06-16,24.8,20.3,30.3
155,창원,2013-06-17,24.5,20.3,31.4
155,창원,2013-06-18,23.7,22.9,25.5
155,창원,2013-06-19,22.5,21.6,24
155,창원,2013-06-20,23.1,21,26.8
155,창원,2013-06-21,22.2,21.2,25.3
155,창원,2013-06-22,22.4,20.5,25.9
155,창원,2013-06-23,21.6,19.9,25
155,창원,2013-06-24,23,19.2,28.4
155,창원,2013-06-25,21.9,20.5,24.5
155,창원,2013-06-26,22.8,20,28.8
155,창원,2013-06-27,22.7,20.5,26.3
155,창원,2013-06-28,23.3,20.2,27.2
155,창원,2013-06-29,23.7,19.7,27.5
155,창원,2013-06-30,24.2,20.6,28
155,창원,2013-07-01,24.8,22.1,28.6
155,창원,2013-07-02,25.2,23.2,27
155,창원,2013-07-03,24.8,23.3,26.9
155,창원,2013-07-04,24.3,23.2,26
155,창원,2013-07-05,24.6,23.2,25.4
155,창원,2013-07-06,24.8,22.9,28.5
155,창원,2013-07-07,24.1,22.6,25.9
155,창원,2013-07-08,26.8,25.5,28.5
155,창원,2013-07-09,27.1,25.2,30.4
155,창원,2013-07-10,27.1,24.9,31.2
155,창원,2013-07-11,27.2,24.5,31.7
155,창원,2013-07-12,27.6,23.2,31.8
155,창원,2013-07-13,28.8,26.1,33
155,창원,2013-07-14,28.3,26.5,31.2
155,창원,2013-07-15,27.7,25.8,31
155,창원,2013-07-16,27.7,24.4,30.8
155,창원,2013-07-17,27.9,25.4,31.6
155,창원,2013-07-18,27.5,23.7,32.2
155,창원,2013-07-19,27.4,23.9,31.3
155,창원,2013-07-20,28.2,24.6,32.4
155,창원,2013-07-21,27.6,25.7,30.2
155,창원,2013-07-22,28.3,25.4,32.9
155,창원,2013-07-23,27,25.8,28.9
155,창원,2013-07-24,26.8,25.2,29.9
155,창원,2013-07-25,27.7,24,33.3
155,창원,2013-07-26,28.4,23.1,34.9
155,창원,2013-07-27,27.6,23.2,32
155,창원,2013-07-28,26.5,23.6,28.8
155,창원,2013-07-29,28.2,26,33.1
155,창원,2013-07-30,27.6,24.8,31.9
155,창원,2013-07-31,28.2,26,30.8
155,창원,2013-08-01,27.8,25.5,31.5
155,창원,2013-08-02,26.7,24.7,30
155,창원,2013-08-03,27.7,25.1,31.8
155,창원,2013-08-04,27.4,24.7,32.8
155,창원,2013-08-05,28,23.8,33
155,창원,2013-08-06,28.7,24.7,33.5
155,창원,2013-08-07,29.7,26.3,35
155,창원,2013-08-08,29,26.4,33.5
155,창원,2013-08-09,29.4,25.7,34.7
155,창원,2013-08-10,30.1,26,36
155,창원,2013-08-11,30.7,26.6,37.1
155,창원,2013-08-12,30,25.6,36
155,창원,2013-08-13,29,23.9,35.2
155,창원,2013-08-14,28.7,24.4,34.8
155,창원,2013-08-15,29,24.7,36.1
155,창원,2013-08-16,28.6,24.3,34.2
155,창원,2013-08-17,28.9,24.5,34.6
155,창원,2013-08-18,29.6,24.7,35.2
155,창원,2013-08-19,30.5,26,36.5
155,창원,2013-08-20,29.5,26.6,35
155,창원,2013-08-21,28.8,25.8,33.4
155,창원,2013-08-22,28.2,25.9,32.9
155,창원,2013-08-23,26.1,25.1,29.7
155,창원,2013-08-24,24.5,23.4,26
155,창원,2013-08-25,25.6,22.4,31.3
155,창원,2013-08-26,25.7,21.5,32
155,창원,2013-08-27,26.9,21.8,33.6
155,창원,2013-08-28,26.3,22.7,31.2
155,창원,2013-08-29,27.7,23.1,32.9
155,창원,2013-08-30,25.3,22.6,28.4
155,창원,2013-08-31,24.9,21.9,28.5
155,창원,2013-09-01,24.7,21.7,29.9
155,창원,2013-09-02,24.4,20.7,30.5
155,창원,2013-09-03,22.6,21.7,24.3
155,창원,2013-09-04,23.5,20.3,28.7
155,창원,2013-09-05,22.7,19.9,26.1
155,창원,2013-09-06,20.3,19.4,22.1
155,창원,2013-09-07,21.1,19.2,24.2
155,창원,2013-09-08,22.4,18.6,28.3
155,창원,2013-09-09,22.8,18.8,28.2
155,창원,2013-09-10,24,19.9,29.3
155,창원,2013-09-11,25.1,21.6,28.7
155,창원,2013-09-12,24.8,22.9,27.4
155,창원,2013-09-13,26.6,23,31.8
155,창원,2013-09-14,24.2,22,28.2
155,창원,2013-09-15,25.5,20.6,30.4
155,창원,2013-09-16,23.7,20.2,28.8
155,창원,2013-09-17,22.7,18.2,28.8
155,창원,2013-09-18,23.8,18.9,29.9
155,창원,2013-09-19,23.9,19.9,29.8
155,창원,2013-09-20,24.1,19.6,31.3
155,창원,2013-09-21,24.8,21,31.1
155,창원,2013-09-22,24.5,21.6,29.8
155,창원,2013-09-23,23.5,20,29.1
155,창원,2013-09-24,24.5,19.7,30.3
155,창원,2013-09-25,22.5,19.2,26.1
155,창원,2013-09-26,20.7,17.7,25.9
155,창원,2013-09-27,20.3,15.2,25.7
155,창원,2013-09-28,21.3,19,25.1
155,창원,2013-09-29,21.9,19.2,25.1
155,창원,2013-09-30,22.9,20.7,26.6
155,창원,2013-10-01,23.2,20.7,28
155,창원,2013-10-02,21.6,19.1,25.3
155,창원,2013-10-03,19.7,15.9,24.5
155,창원,2013-10-04,19.8,14,25.5
155,창원,2013-10-05,21.4,16.5,25.8
155,창원,2013-10-06,23.5,21.5,25
155,창원,2013-10-07,24.5,22.1,28.5
155,창원,2013-10-08,22.4,20.9,23.3
155,창원,2013-10-09,20.9,19.3,22.6
155,창원,2013-10-10,22.2,19.8,24.6
155,창원,2013-10-11,21.6,15.7,27.5
155,창원,2013-10-12,16.8,12.1,22.3
155,창원,2013-10-13,18.4,13.3,24.9
155,창원,2013-10-14,19.6,14.7,26.8
155,창원,2013-10-15,18.4,13.9,24.8
155,창원,2013-10-16,13.5,10.7,18.5
155,창원,2013-10-17,14.3,9.4,19.1
155,창원,2013-10-18,16.5,12.3,21.6
155,창원,2013-10-19,17.3,13.6,21.4
155,창원,2013-10-20,18.9,15.5,24.5
155,창원,2013-10-21,18.3,15.3,22.6
155,창원,2013-10-22,17.8,14.9,21.7
155,창원,2013-10-23,18.6,15.3,23.5
155,창원,2013-10-24,18.3,15.6,23
155,창원,2013-10-25,14.8,11.6,19.4
155,창원,2013-10-26,13.2,9,18.4
155,창원,2013-10-27,13.2,9.1,18.9
155,창원,2013-10-28,13.7,8.2,20.2
155,창원,2013-10-29,14.5,9.4,20.7
155,창원,2013-10-30,15.4,11.7,20.6
155,창원,2013-10-31,14.3,11.2,20.7
155,창원,2013-11-01,16.1,11.3,21.7
155,창원,2013-11-02,17.4,13.2,22.3
155,창원,2013-11-03,17.5,15,21.7
155,창원,2013-11-04,15.2,11.4,19.3
155,창원,2013-11-05,14.2,9.9,20.4
155,창원,2013-11-06,14.6,11,18.7
155,창원,2013-11-07,15.9,11.2,21.6
155,창원,2013-11-08,13.2,8.9,18
155,창원,2013-11-09,13.8,10.1,17.7
155,창원,2013-11-10,13,6.8,18.7
155,창원,2013-11-11,6.7,4.7,10.1
155,창원,2013-11-12,7.2,3.3,11.7
155,창원,2013-11-13,8.3,4.5,13.6
155,창원,2013-11-14,10.1,5.1,16.9
155,창원,2013-11-15,10.5,6.6,17.5
155,창원,2013-11-16,10.6,6.9,16.3
155,창원,2013-11-17,9.7,5.7,14
155,창원,2013-11-18,5.4,2.4,9.5
155,창원,2013-11-19,6.1,2.3,10.3
155,창원,2013-11-20,6.4,3.9,11.5
155,창원,2013-11-21,6.4,1.7,12.3
155,창원,2013-11-22,7.6,3.1,12.7
155,창원,2013-11-23,7.9,3.2,13.5
155,창원,2013-11-24,11.3,6.5,15.3
155,창원,2013-11-25,10.4,5.6,17.4
155,창원,2013-11-26,6.4,2.8,11.1
155,창원,2013-11-27,6.1,.7,12.8
155,창원,2013-11-28,1.7,-1.9,5.2
155,창원,2013-11-29,4,0,8.8
155,창원,2013-11-30,6.3,.8,12.9
155,창원,2013-12-01,7.5,2.7,14.5
155,창원,2013-12-02,6.9,3.6,11.9
155,창원,2013-12-03,7.1,2.9,11.8
155,창원,2013-12-04,7.3,2.9,12.9
155,창원,2013-12-05,8.4,2.5,13.7
155,창원,2013-12-06,8.6,6,12.7
155,창원,2013-12-07,6.9,2.2,11.9
155,창원,2013-12-08,6.9,2.5,12.5
155,창원,2013-12-09,8.1,4.8,12.3
155,창원,2013-12-10,5.5,2.7,9.5
155,창원,2013-12-11,3.4,.3,7.9
155,창원,2013-12-12,4.6,-.7,8.7
155,창원,2013-12-13,2.5,-1.9,8.3
155,창원,2013-12-14,3.5,-1.9,8.8
155,창원,2013-12-15,2.6,.3,5.5
155,창원,2013-12-16,2.5,-1.6,5.2
155,창원,2013-12-17,6.1,2.7,9.5
155,창원,2013-12-18,6.9,5.7,7.8
155,창원,2013-12-19,2.9,-1,6.5
155,창원,2013-12-20,2.5,-1.2,7.4
155,창원,2013-12-21,3.1,.2,7.6
155,창원,2013-12-22,2.5,-.6,6.7
155,창원,2013-12-23,3.6,-.2,7.8
155,창원,2013-12-24,3.6,-.5,8.6
155,창원,2013-12-25,5.7,-.4,10.5
155,창원,2013-12-26,4.8,3,7.6
155,창원,2013-12-27,.9,-1.4,5.4
155,창원,2013-12-28,-.2,-3.8,4.7
155,창원,2013-12-29,.7,-4.4,6.6
155,창원,2013-12-30,4.4,-1.2,10
155,창원,2013-12-31,5.7,-.3,11.3
155,창원,2014-01-01,7.3,3.7,11.3
155,창원,2014-01-02,5.8,2.2,11.2
155,창원,2014-01-03,6,.5,11.7
155,창원,2014-01-04,5.7,3.3,10.1
155,창원,2014-01-05,4.7,.6,8.8
155,창원,2014-01-06,4.3,1.1,9
155,창원,2014-01-07,4.8,-.9,10
155,창원,2014-01-08,4.4,2.5,6.8
155,창원,2014-01-09,-1.8,-4.9,3.4
155,창원,2014-01-10,-.7,-5.4,4.6
155,창원,2014-01-11,1.6,-2.3,6.1
155,창원,2014-01-12,2.7,-1.7,7.9
155,창원,2014-01-13,-.2,-3.2,3.6
155,창원,2014-01-14,.8,-2.9,5.3
155,창원,2014-01-15,1.3,-2,5.5
155,창원,2014-01-16,2.5,-.6,6.6
155,창원,2014-01-17,3.7,-.2,7.9
155,창원,2014-01-18,2.4,-.9,7.7
155,창원,2014-01-19,1.2,-3.9,6.4
155,창원,2014-01-20,4.1,1.4,9.9
155,창원,2014-01-21,.3,-1.7,4.4
155,창원,2014-01-22,.3,-3.6,5.4
155,창원,2014-01-23,2.4,-2.2,7.8
155,창원,2014-01-24,6.7,-1.3,14.8
155,창원,2014-01-25,10.7,6.5,14.6
155,창원,2014-01-26,4.3,.6,9.1
155,창원,2014-01-27,4.8,-1.7,10.7
155,창원,2014-01-28,7.7,3.1,14.1
155,창원,2014-01-29,7.1,-.2,14.2
155,창원,2014-01-30,10.5,7,16.3
155,창원,2014-01-31,7.4,2.9,14.1
155,창원,2014-02-01,10.9,4.3,16
155,창원,2014-02-02,12.6,10.5,17.2
155,창원,2014-02-03,7.6,-.4,11.4
155,창원,2014-02-04,-2.8,-6.1,1.8
155,창원,2014-02-05,-1.2,-5.3,3.4
155,창원,2014-02-06,2.2,-1.4,4.7
155,창원,2014-02-07,4.4,2.5,6.2
155,창원,2014-02-08,5.3,3.6,7.7
155,창원,2014-02-09,4.1,2.5,7.7
155,창원,2014-02-10,2.9,1.1,5.4
155,창원,2014-02-11,2.2,-1,7.1
155,창원,2014-02-12,2.7,-1.3,7.7
155,창원,2014-02-13,3.9,1.1,6.8
155,창원,2014-02-14,3.7,2.5,4.9
155,창원,2014-02-15,4.5,0,9.9
155,창원,2014-02-16,5.8,-.4,11
155,창원,2014-02-17,6.8,5,10.6
155,창원,2014-02-18,4,2.5,6.2
155,창원,2014-02-19,4.1,1.7,7.3
155,창원,2014-02-20,4.9,-.3,10.5
155,창원,2014-02-21,4,-.5,10.3
155,창원,2014-02-22,5.2,.7,10.9
155,창원,2014-02-23,6.3,2.1,11.9
155,창원,2014-02-24,7.5,2.3,13.6
155,창원,2014-02-25,9.3,4.2,15.3
155,창원,2014-02-26,8,7.1,9.4
155,창원,2014-02-27,11.7,8.4,16.1
155,창원,2014-02-28,10.1,7.7,13.7
155,창원,2014-03-01,9.1,7.6,11
155,창원,2014-03-02,9,5.8,12.8
155,창원,2014-03-03,6.6,2.8,11.5
155,창원,2014-03-04,7.1,3,11.8
155,창원,2014-03-05,6.6,2.4,10.4
155,창원,2014-03-06,3.9,0,8.3
155,창원,2014-03-07,3.8,.5,7.9
155,창원,2014-03-08,5.2,.1,10
155,창원,2014-03-09,6.3,1.8,11.7
155,창원,2014-03-10,4.5,-1.2,11.1
155,창원,2014-03-11,7.2,1.1,14.2
155,창원,2014-03-12,9.1,5.5,12.7
155,창원,2014-03-13,5.7,3.1,9.3
155,창원,2014-03-14,5.1,1.8,8.7
155,창원,2014-03-15,8.2,.6,14.5
155,창원,2014-03-16,12.2,6.1,17.9
155,창원,2014-03-17,12.9,6.5,19.3
155,창원,2014-03-18,15.9,11.1,23.9
155,창원,2014-03-19,10.3,7.8,12.9
155,창원,2014-03-20,8.9,5.6,13
155,창원,2014-03-21,7.3,2.6,12.1
155,창원,2014-03-22,8.9,2.5,15.2
155,창원,2014-03-23,12.3,5.7,19.4
155,창원,2014-03-24,12.6,6.3,18.4
155,창원,2014-03-25,14.1,12.2,16.5
155,창원,2014-03-26,14.3,11.2,16.7
155,창원,2014-03-27,13.7,10.1,20.5
155,창원,2014-03-28,15.1,9.8,20.7
155,창원,2014-03-29,14.5,13.1,17.4
155,창원,2014-03-30,14,11,19.6
155,창원,2014-03-31,13.3,9,20
155,창원,2014-04-01,14.2,10.1,20.3
155,창원,2014-04-02,14.8,9.7,21.2
155,창원,2014-04-03,14.1,9.9,20.8
155,창원,2014-04-04,9.8,5.7,14.9
155,창원,2014-04-05,8.8,6,13.2
155,창원,2014-04-06,9.7,3.8,16.2
155,창원,2014-04-07,13.4,6.3,21.2
155,창원,2014-04-08,14.6,9.6,21.9
155,창원,2014-04-09,15.2,9.3,22.3
155,창원,2014-04-10,14.9,10.5,21.9
155,창원,2014-04-11,12.5,8.5,17.3
155,창원,2014-04-12,13.8,10.5,18.3
155,창원,2014-04-13,13.2,10.2,17.2
155,창원,2014-04-14,13.6,8.6,21.6
155,창원,2014-04-15,17.7,8.8,27.1
155,창원,2014-04-16,18.8,13.9,25.1
155,창원,2014-04-17,14.2,11.1,20.7
155,창원,2014-04-18,13.5,11.8,15.6
155,창원,2014-04-19,12.2,8.8,14.4
155,창원,2014-04-20,13.1,10.4,18.3
155,창원,2014-04-21,16.5,10.4,24.5
155,창원,2014-04-22,16.4,12,23.6
155,창원,2014-04-23,16.9,10.8,25.4
155,창원,2014-04-24,17.2,11.8,23.4
155,창원,2014-04-25,17.2,11.6,24.1
155,창원,2014-04-26,17.7,11.7,24.3
155,창원,2014-04-27,16.2,13.8,19.9
155,창원,2014-04-28,14.7,13.2,15.6
155,창원,2014-04-29,15.4,14.1,19
155,창원,2014-04-30,14.8,13.9,17
155,창원,2014-05-01,17.2,13.1,22.8
155,창원,2014-05-02,18.4,13,25.3
155,창원,2014-05-03,16.6,11.6,23.1
155,창원,2014-05-04,15.4,11,21.3
155,창원,2014-05-05,14.9,9.9,20.2
155,창원,2014-05-06,14.3,9.2,20.8
155,창원,2014-05-07,15.3,8.8,21.6
155,창원,2014-05-08,19.2,12.9,26
155,창원,2014-05-09,17.7,13.7,26.1
155,창원,2014-05-10,17.8,11.7,23
155,창원,2014-05-11,18.1,14.1,22.7
155,창원,2014-05-12,20.3,16.2,26
155,창원,2014-05-13,20.6,14.6,27.7
155,창원,2014-05-14,16.9,14.8,19.3
155,창원,2014-05-15,21,14.7,28.6
155,창원,2014-05-16,21.9,17.2,26.4
155,창원,2014-05-17,20.7,16.1,26.6
155,창원,2014-05-18,19.6,15.8,26
155,창원,2014-05-19,20.7,14.4,27.1
155,창원,2014-05-20,18.2,16.3,20.4
155,창원,2014-05-21,21.1,15.1,29.1
155,창원,2014-05-22,20,15.1,28.9
155,창원,2014-05-23,18.1,15.9,21.4
155,창원,2014-05-24,20.8,15.1,27.3
155,창원,2014-05-25,20.4,17.4,24.7
155,창원,2014-05-26,22.7,17.9,27.9
155,창원,2014-05-27,21.6,15,28.7
155,창원,2014-05-28,21.1,17.6,25.4
155,창원,2014-05-29,23,17.4,29.8
155,창원,2014-05-30,23.8,17.4,30.8
155,창원,2014-05-31,24.5,17.9,31.8
155,창원,2014-06-01,23.6,18.9,28.8
155,창원,2014-06-02,20.4,17.2,23.5
155,창원,2014-06-03,19.4,17.6,22
155,창원,2014-06-04,22,19.5,25.9
155,창원,2014-06-05,20.9,19.9,22.3
155,창원,2014-06-06,20.6,17.5,25.4
155,창원,2014-06-07,19.9,16.2,25.4
155,창원,2014-06-08,20,17.9,23
155,창원,2014-06-09,20.6,19.1,23.6
155,창원,2014-06-10,21.4,18.8,24.4
155,창원,2014-06-11,21.7,18.8,25.2
155,창원,2014-06-12,19,15.9,23.8
155,창원,2014-06-13,21.3,16.6,27
155,창원,2014-06-14,22.6,18.3,28.2
155,창원,2014-06-15,23.4,18,31
155,창원,2014-06-16,24.6,19.9,30.9
155,창원,2014-06-17,21.7,20.3,23.5
155,창원,2014-06-18,21.7,17.7,28.3
155,창원,2014-06-19,22.8,18.2,28.4
155,창원,2014-06-20,22.7,19.3,26.4
155,창원,2014-06-21,21.3,19.9,23
155,창원,2014-06-22,21.5,19.8,24.7
155,창원,2014-06-23,21,18.5,25.2
155,창원,2014-06-24,21.7,18.6,27.2
155,창원,2014-06-25,22.8,19.1,27.8
155,창원,2014-06-26,23.3,19,27.9
155,창원,2014-06-27,23.1,18.9,28
155,창원,2014-06-28,25.2,20.6,31.7
155,창원,2014-06-29,24.8,21,30.1
155,창원,2014-06-30,23.8,21.3,27.9
155,창원,2014-07-01,24.9,20.7,30.6
155,창원,2014-07-02,22.6,18.9,25.4
155,창원,2014-07-03,22,20.3,25.1
155,창원,2014-07-04,23.1,20.9,27
155,창원,2014-07-05,22.8,20.8,25.9
155,창원,2014-07-06,20.9,19.7,21.9
155,창원,2014-07-07,22.2,20.1,23.5
155,창원,2014-07-08,23.5,21.9,25.7
155,창원,2014-07-09,26.3,23.6,30
155,창원,2014-07-10,27.6,23.9,35.2
155,창원,2014-07-11,27.8,22.7,34.2
155,창원,2014-07-12,25,21.9,29.3
155,창원,2014-07-13,22.8,20.4,26.2
155,창원,2014-07-14,25.7,21.6,31.4
155,창원,2014-07-15,23.8,22,27
155,창원,2014-07-16,24.5,21.8,29.3
155,창원,2014-07-17,23.6,22.5,25.7
155,창원,2014-07-18,23.3,21.7,28.1
155,창원,2014-07-19,25.7,21.4,32.9
155,창원,2014-07-20,25.5,23.1,30.8
155,창원,2014-07-21,25.9,22.4,30.3
155,창원,2014-07-22,26.6,22.8,31.6
155,창원,2014-07-23,27.8,23.8,33.2
155,창원,2014-07-24,28.8,24.9,33.8
155,창원,2014-07-25,28.7,26.9,32.4
155,창원,2014-07-26,28,24.2,32.1
155,창원,2014-07-27,24.3,21.4,30.6
155,창원,2014-07-28,23.5,20.3,27
155,창원,2014-07-29,25.3,22,29.3
155,창원,2014-07-30,28.2,23.6,33.1
155,창원,2014-07-31,29.3,25.5,35.2
155,창원,2014-08-01,29,26.8,32.7
155,창원,2014-08-02,27.3,24.8,29.8
155,창원,2014-08-03,25.5,24.5,27.1
155,창원,2014-08-04,24.4,24,25.5
155,창원,2014-08-05,27,24,32.3
155,창원,2014-08-06,27.4,24.5,32.6
155,창원,2014-08-07,25.4,23.4,27.4
155,창원,2014-08-08,24.7,22.8,27.5
155,창원,2014-08-09,25.5,24.4,27.7
155,창원,2014-08-10,24.9,21.2,29.7
155,창원,2014-08-11,24.3,21,29.4
155,창원,2014-08-12,25.9,21.6,32.2
155,창원,2014-08-13,24.7,22.5,27.5
155,창원,2014-08-14,21.9,21,24.7
155,창원,2014-08-15,23.5,21.4,26.2
155,창원,2014-08-16,24.7,22.2,29.3
155,창원,2014-08-17,24.1,20.8,29.1
155,창원,2014-08-18,22.4,20.4,24.9
155,창원,2014-08-19,24.8,23.3,27.8
155,창원,2014-08-20,24.2,23.5,25.1
155,창원,2014-08-21,25.5,22,27.8
155,창원,2014-08-22,25.1,20,30.7
155,창원,2014-08-23,25.4,22.3,30.7
155,창원,2014-08-24,24.9,22.5,27.4
155,창원,2014-08-25,23.7,22.4,25.6
155,창원,2014-08-26,25.2,22.5,29.4
155,창원,2014-08-27,22.5,21,25
155,창원,2014-08-28,21.8,19.9,25.4
155,창원,2014-08-29,22.8,20.3,27.1
155,창원,2014-08-30,22.8,18.3,27.4
155,창원,2014-08-31,22,17.9,26.3
155,창원,2014-09-01,23.3,18.7,28.4
155,창원,2014-09-02,22.1,19.3,26.4
155,창원,2014-09-03,23.4,20.4,26
155,창원,2014-09-04,23.7,19.8,28.5
155,창원,2014-09-05,24.4,20.2,30.8
155,창원,2014-09-06,22,19.4,25.6
155,창원,2014-09-07,23,18.7,28.8
155,창원,2014-09-08,24,20.3,29.3
155,창원,2014-09-09,24.8,21.2,29.7
155,창원,2014-09-10,24.1,21.4,28.6
155,창원,2014-09-11,23.3,20.4,28.4
155,창원,2014-09-12,22.5,20.4,25.4
155,창원,2014-09-13,22.1,17.8,27.8
155,창원,2014-09-14,21.9,17.2,26.9
155,창원,2014-09-15,22.7,18.7,27.9
155,창원,2014-09-16,24.1,20.2,28.6
155,창원,2014-09-17,21.5,18.3,23.9
155,창원,2014-09-18,21.5,19,24.6
155,창원,2014-09-19,20.1,17.2,23.2
155,창원,2014-09-20,21.2,16.8,26.9
155,창원,2014-09-21,20.9,16,27
155,창원,2014-09-22,22,16.4,27.9
155,창원,2014-09-23,20.9,17.9,25.8
155,창원,2014-09-24,20.2,18.6,24.1
155,창원,2014-09-25,21.9,17.8,27.4
155,창원,2014-09-26,21.2,17.6,25.9
155,창원,2014-09-27,21.1,15.8,26.8
155,창원,2014-09-28,21.9,18.5,28
155,창원,2014-09-29,21.6,19.3,25.3
155,창원,2014-09-30,20.9,18.3,24.6
155,창원,2014-10-01,19.8,16,23.5
155,창원,2014-10-02,19.9,15.6,25.7
155,창원,2014-10-03,20.4,16.7,24
155,창원,2014-10-04,18.8,15.5,22.6
155,창원,2014-10-05,18.4,13.6,22.5
155,창원,2014-10-06,18.3,15,23
155,창원,2014-10-07,17.5,12.5,23.1
155,창원,2014-10-08,18.1,13.8,24.3
155,창원,2014-10-09,18.4,13.5,24.4
155,창원,2014-10-10,19.9,14.1,25.3
155,창원,2014-10-11,20.5,17.4,25.1
155,창원,2014-10-12,19.5,17.4,21.1
155,창원,2014-10-13,18,15.7,20.3
155,창원,2014-10-14,16,13.4,20.2
155,창원,2014-10-15,15.7,11.5,20.4
155,창원,2014-10-16,16.4,11.8,22.4
155,창원,2014-10-17,14.9,10.2,21.4
155,창원,2014-10-18,15.4,9.7,23.6
155,창원,2014-10-19,17.1,10.7,23.6
155,창원,2014-10-20,19.7,17.1,22
155,창원,2014-10-21,18.8,15.3,21.5
155,창원,2014-10-22,14.7,11.3,16.1
155,창원,2014-10-23,13.7,9.7,18.6
155,창원,2014-10-24,15.5,10.7,21.6
155,창원,2014-10-25,16.4,11.7,22.8
155,창원,2014-10-26,17.2,12.3,23.1
155,창원,2014-10-27,16.7,12.2,21.2
155,창원,2014-10-28,14.1,9.5,19.8
155,창원,2014-10-29,14.7,10.3,19.5
155,창원,2014-10-30,15.6,11.5,20
155,창원,2014-10-31,14.6,12.9,15.9
155,창원,2014-11-01,16.3,13.4,20.1
155,창원,2014-11-02,14.6,10.4,18.3
155,창원,2014-11-03,11,7.2,15.4
155,창원,2014-11-04,11.1,6.7,16.8
155,창원,2014-11-05,12.5,7.3,19.1
155,창원,2014-11-06,14.8,10.1,19.8
155,창원,2014-11-07,15.4,11.6,19.8
155,창원,2014-11-08,14.2,12.8,17.2
155,창원,2014-11-09,14.3,10.9,18.8
155,창원,2014-11-10,12.7,9.2,18.1
155,창원,2014-11-11,12,7.7,16.9
155,창원,2014-11-12,11.4,7.7,15.6
155,창원,2014-11-13,5.8,2,10
155,창원,2014-11-14,7.3,1.8,12.9
155,창원,2014-11-15,8.9,3.8,13.4
155,창원,2014-11-16,10.2,7.6,15.5
155,창원,2014-11-17,10.6,7.1,14.8
155,창원,2014-11-18,8.4,5.9,12.6
155,창원,2014-11-19,8.4,4,13.6
155,창원,2014-11-20,9.3,4.2,16
155,창원,2014-11-21,10.4,5,16.8
155,창원,2014-11-22,12.6,7.3,18.8
155,창원,2014-11-23,12.7,9.1,16.6
155,창원,2014-11-24,11.9,11,12.7
155,창원,2014-11-25,12.4,10.9,14
155,창원,2014-11-26,11.4,8.6,16.2
155,창원,2014-11-27,11.4,7,16.8
155,창원,2014-11-28,10.8,8.6,13.3
155,창원,2014-11-29,12.7,9.8,18
155,창원,2014-11-30,11.5,9.5,13.1
155,창원,2014-12-01,6.7,.9,13.5
155,창원,2014-12-02,.6,-1.1,4.9
155,창원,2014-12-03,4.1,-2.1,8.4
155,창원,2014-12-04,3,.6,8
155,창원,2014-12-05,.3,-2.2,4.5
155,창원,2014-12-06,.8,-2.7,5.8
155,창원,2014-12-07,1.6,-1,5.6
155,창원,2014-12-08,2.7,-1,6.7
155,창원,2014-12-09,3.1,-.5,8.4
155,창원,2014-12-10,7.8,2.9,12.8
155,창원,2014-12-11,6.8,2.3,10.4
155,창원,2014-12-12,3,-.1,7.6
155,창원,2014-12-13,1.6,-1.2,5.4
155,창원,2014-12-14,.7,-3,4.9
155,창원,2014-12-15,4.6,-.5,8.8
155,창원,2014-12-16,2.5,-2.2,7.3
155,창원,2014-12-17,-2.2,-6,1.9
155,창원,2014-12-18,-1.1,-5.2,3.6
155,창원,2014-12-19,2,-3.7,7.6
155,창원,2014-12-20,4,-.1,9
155,창원,2014-12-21,.3,-2.3,3.6
155,창원,2014-12-22,1.3,-3.8,6
155,창원,2014-12-23,3.5,-.7,8.7
155,창원,2014-12-24,6.6,1.5,13.6
155,창원,2014-12-25,2.3,-.1,7.2
155,창원,2014-12-26,1.4,-1.7,6.2
155,창원,2014-12-27,2.9,-1.7,10.2
155,창원,2014-12-28,3.4,-1.4,6.7
155,창원,2014-12-29,5.3,.7,10.9
155,창원,2014-12-30,6.9,.9,13.8
155,창원,2014-12-31,3.2,.5,6.4
155,창원,2015-01-01,-1.7,-4.4,1.3
155,창원,2015-01-02,-1,-5.4,3.8
155,창원,2015-01-03,.6,-5,6.4
155,창원,2015-01-04,4.8,-.3,11.2
155,창원,2015-01-05,6.1,.9,11.3
155,창원,2015-01-06,6.3,.9,9.7
155,창원,2015-01-07,.1,-2.2,3.2
155,창원,2015-01-08,.4,-4.1,5.3
155,창원,2015-01-09,2.5,-1.3,7.2
155,창원,2015-01-10,3.5,0,8.8
155,창원,2015-01-11,3.8,-1.3,10.3
155,창원,2015-01-12,1.6,-1.7,6.5
155,창원,2015-01-13,3.6,-1.2,9.2
155,창원,2015-01-14,4.8,3.1,6.6
155,창원,2015-01-15,7,3.9,10.8
155,창원,2015-01-16,4.9,1.2,10
155,창원,2015-01-17,2.8,-.4,7
155,창원,2015-01-18,3.4,-.9,8.6
155,창원,2015-01-19,5.9,2.4,10
155,창원,2015-01-20,3.8,-.3,8.9
155,창원,2015-01-21,4.9,3.4,7.6
155,창원,2015-01-22,5.7,4.2,8.1
155,창원,2015-01-23,4.6,2,8.6
155,창원,2015-01-24,4.3,.1,9.3
155,창원,2015-01-25,5.8,1.5,9.1
155,창원,2015-01-26,9,6,12.7
155,창원,2015-01-27,4.8,1.7,8.9
155,창원,2015-01-28,1.9,-1.7,6.1
155,창원,2015-01-29,3.8,1.1,7
155,창원,2015-01-30,3.2,-.4,7.7
155,창원,2015-01-31,.3,-3.2,4.8
155,창원,2015-02-01,2.2,-3.2,8.3
155,창원,2015-02-02,3.5,-.6,9.1
155,창원,2015-02-03,5.1,-.3,9.5
155,창원,2015-02-04,5.1,2.5,10.1
155,창원,2015-02-05,3.4,.4,7.6
155,창원,2015-02-06,3.4,-.7,9.6
155,창원,2015-02-07,4.8,.3,9.5
155,창원,2015-02-08,-.5,-5.8,5.4
155,창원,2015-02-09,-2.4,-7.8,3.6
155,창원,2015-02-10,4.3,-2.1,10.8
155,창원,2015-02-11,6.1,-.2,11.8
155,창원,2015-02-12,4.4,-1,9.3
155,창원,2015-02-13,2,-3.6,8.1
155,창원,2015-02-14,4.4,-2,10.1
155,창원,2015-02-15,5.5,2.3,8.1
155,창원,2015-02-16,6.4,6,7.2
155,창원,2015-02-17,5.8,3,10.5
155,창원,2015-02-18,4.2,2.5,7.1
155,창원,2015-02-19,5,1.7,10
155,창원,2015-02-20,5.7,.9,10.4
155,창원,2015-02-21,8,4.3,10.4
155,창원,2015-02-22,10.7,5.5,16.5
155,창원,2015-02-23,6,2.9,11.6
155,창원,2015-02-24,6.5,3.2,11.9
155,창원,2015-02-25,7.7,4.5,11.9
155,창원,2015-02-26,7.2,1.8,13.2
155,창원,2015-02-27,1.9,-2.3,5.8
155,창원,2015-02-28,3.5,.6,6.7
155,창원,2015-03-01,4.6,1.8,9.9
155,창원,2015-03-02,5.2,1.5,11.4
155,창원,2015-03-03,3.4,1.5,4.5
155,창원,2015-03-04,2.7,-.3,6.9
155,창원,2015-03-05,3.2,-1.7,8.1
155,창원,2015-03-06,5.7,1.9,10.6
155,창원,2015-03-07,7.4,2.7,12.9
155,창원,2015-03-08,7.9,2.3,13.1
155,창원,2015-03-09,7.9,-1.4,15.8
155,창원,2015-03-10,.5,-3.6,6.2
155,창원,2015-03-11,5.1,-.6,11
155,창원,2015-03-12,6.1,.1,10.3
155,창원,2015-03-13,7.5,4.6,12.5
155,창원,2015-03-14,8.4,3.2,13.4
155,창원,2015-03-15,8.9,3.8,15.3
155,창원,2015-03-16,10.8,5.9,18.3
155,창원,2015-03-17,13.4,6.9,20.8
155,창원,2015-03-18,11.1,9.5,14.5
155,창원,2015-03-19,11.6,9,18
155,창원,2015-03-20,12.9,9.2,19.7
155,창원,2015-03-21,14.4,9.2,20.9
155,창원,2015-03-22,14,8.7,19.7
155,창원,2015-03-23,8.8,4,15.6
155,창원,2015-03-24,7.4,3.3,13.6
155,창원,2015-03-25,8.4,3.2,14.4
155,창원,2015-03-26,10,4.1,17.4
155,창원,2015-03-27,11.8,5.8,19.9
155,창원,2015-03-28,12.8,5.8,20.1
155,창원,2015-03-29,14.8,8.3,22.2
155,창원,2015-03-30,14.8,9.9,19.5
155,창원,2015-03-31,13.3,10.1,14.8
155,창원,2015-04-01,12.6,10.3,15.2
155,창원,2015-04-02,13.9,9.9,20.3
155,창원,2015-04-03,17.1,12.8,21.5
155,창원,2015-04-04,11.7,9.2,15.9
155,창원,2015-04-05,10.7,9.1,12.4
155,창원,2015-04-06,11.8,10.2,13.1
155,창원,2015-04-07,10,8.9,11.3
155,창원,2015-04-08,9.3,6.9,12.4
155,창원,2015-04-09,9.8,5.5,14.4
155,창원,2015-04-10,12,7.9,17.7
155,창원,2015-04-11,12.3,8,17.9
155,창원,2015-04-12,13.8,8.2,20
155,창원,2015-04-13,11.5,9.9,12.9
155,창원,2015-04-14,11.1,7.2,15.6
155,창원,2015-04-15,14.2,6.5,22
155,창원,2015-04-16,14.3,10.1,20.1
155,창원,2015-04-17,12.8,6,19.6
155,창원,2015-04-18,12.9,8.6,20.2
155,창원,2015-04-19,14.9,10.6,16.8
155,창원,2015-04-20,13.2,9.6,16.8
155,창원,2015-04-21,12.9,8.4,20.5
155,창원,2015-04-22,16.4,10.5,23.6
155,창원,2015-04-23,15.8,11.3,22.9
155,창원,2015-04-24,15.8,9.4,22.4
155,창원,2015-04-25,17.7,12.8,24.9
155,창원,2015-04-26,18.9,11.6,27.4
155,창원,2015-04-27,18.5,12.3,26.2
155,창원,2015-04-28,17.4,13.7,22.6
155,창원,2015-04-29,16.1,15.3,17.3
155,창원,2015-04-30,17.4,14.3,21.5
155,창원,2015-05-01,18.7,15.1,23.1
155,창원,2015-05-02,19.8,14.4,26.1
155,창원,2015-05-03,17.4,16.8,18.9
155,창원,2015-05-04,19.6,14.9,26
155,창원,2015-05-05,16.4,10.8,22.4
155,창원,2015-05-06,16.4,10.7,21.1
155,창원,2015-05-07,18.1,13.1,25.1
155,창원,2015-05-08,18.9,13.8,25.2
155,창원,2015-05-09,17.9,13.8,24.1
155,창원,2015-05-10,16.5,13.2,21.1
155,창원,2015-05-11,16.6,12.6,20.7
155,창원,2015-05-12,17.2,14.9,19.9
155,창원,2015-05-13,20.8,14.9,27.2
155,창원,2015-05-14,19.4,14.9,23.6
155,창원,2015-05-15,19.3,16.5,24.9
155,창원,2015-05-16,17.2,14.9,19.9
155,창원,2015-05-17,19,12.5,26.8
155,창원,2015-05-18,15.3,13.7,17.4
155,창원,2015-05-19,19,13.9,25.4
155,창원,2015-05-20,19.4,13.7,24.9
155,창원,2015-05-21,19.4,12.6,26.9
155,창원,2015-05-22,21.1,16.1,27.8
155,창원,2015-05-23,19.7,15.9,25.2
155,창원,2015-05-24,20.8,14.8,26.9
155,창원,2015-05-25,22,16.1,28.2
155,창원,2015-05-26,24.5,17.6,33.6
155,창원,2015-05-27,23.9,18.8,30.3
155,창원,2015-05-28,21.6,17.2,28.8
155,창원,2015-05-29,22.6,16,29.1
155,창원,2015-05-30,20,18.2,21.8
155,창원,2015-05-31,20.9,16.7,28.1
155,창원,2015-06-01,22.4,16.5,27.3
155,창원,2015-06-02,21.1,18.4,24.6
155,창원,2015-06-03,21.2,17.3,29.6
155,창원,2015-06-04,21.5,15.3,28.6
155,창원,2015-06-05,16.2,13.5,19.9
155,창원,2015-06-06,17.7,12.6,25.3
155,창원,2015-06-07,19.1,15.2,23.9
155,창원,2015-06-08,19.5,16.6,22.4
155,창원,2015-06-09,21.9,18.2,27.6
155,창원,2015-06-10,23.1,18.3,28.6
155,창원,2015-06-11,21,19.1,23
155,창원,2015-06-12,24.2,19.9,30.8
155,창원,2015-06-13,20.5,18.2,24
155,창원,2015-06-14,22.4,17.3,27.2
155,창원,2015-06-15,22.2,20.6,25.8
155,창원,2015-06-16,21.8,19.7,26.1
155,창원,2015-06-17,20.7,18.9,22.4
155,창원,2015-06-18,22.9,18.8,27.6
155,창원,2015-06-19,23,20.5,27.5
155,창원,2015-06-20,19.3,18.5,20.6
155,창원,2015-06-21,20.4,18.3,24
155,창원,2015-06-22,21.1,17.8,25.2
155,창원,2015-06-23,22.3,18.1,27.6
155,창원,2015-06-24,22.1,19,27
155,창원,2015-06-25,22.1,18.7,26.7
155,창원,2015-06-26,23,20,24.9
155,창원,2015-06-27,20.9,19,23.1
155,창원,2015-06-28,20.9,18.1,26.3
155,창원,2015-06-29,21.8,17.7,27.2
155,창원,2015-06-30,20.5,19.5,23.2
155,창원,2015-07-01,23,19.1,28.6
155,창원,2015-07-02,22.8,18.4,28.5
155,창원,2015-07-03,24.1,18.6,30.4
155,창원,2015-07-04,21.7,19.2,25.4
155,창원,2015-07-05,21,17.6,25.8
155,창원,2015-07-06,21.3,17.9,24.6
155,창원,2015-07-07,19.5,18.4,20.7
155,창원,2015-07-08,20.9,18.9,22.4
155,창원,2015-07-09,23.2,20.9,26.8
155,창원,2015-07-10,24.4,21.1,29.7
155,창원,2015-07-11,24.4,22,28.7
155,창원,2015-07-12,24.4,23.2,26.3
155,창원,2015-07-13,23.5,21.9,26
155,창원,2015-07-14,24.7,21,29.8
155,창원,2015-07-15,25.5,22.1,31.9
155,창원,2015-07-16,22.8,19.9,24.9
155,창원,2015-07-17,20.9,18.6,25.3
155,창원,2015-07-18,21.8,18.9,25.7
155,창원,2015-07-19,22.8,18.1,28.1
155,창원,2015-07-20,23.2,21.4,25.7
155,창원,2015-07-21,22.6,21.5,25.5
155,창원,2015-07-22,23.8,21.7,27.5
155,창원,2015-07-23,25.4,23.2,28.5
155,창원,2015-07-24,25.7,25.1,26.8
155,창원,2015-07-25,26.1,23.2,29.8
155,창원,2015-07-26,27,22,32.5
155,창원,2015-07-27,28.1,24.1,33.8
155,창원,2015-07-28,28.6,25.1,33.9
155,창원,2015-07-29,27.8,24.9,33.8
155,창원,2015-07-30,27.9,25.2,33
155,창원,2015-07-31,27.9,24.4,33.7
155,창원,2015-08-01,26.8,23,32.7
155,창원,2015-08-02,26.7,23.2,31.4
155,창원,2015-08-03,27.4,23.7,32.5
155,창원,2015-08-04,27.4,23.6,32.9
155,창원,2015-08-05,28.2,23.5,33.9
155,창원,2015-08-06,28.3,23.3,34.7
155,창원,2015-08-07,28.4,23.8,34.4
155,창원,2015-08-08,28.3,25.3,33.8
155,창원,2015-08-09,28.6,24.2,35.5
155,창원,2015-08-10,28.5,24.9,34.5
155,창원,2015-08-11,25.6,18.8,30.7
155,창원,2015-08-12,22.2,19.4,23.8
155,창원,2015-08-13,25.1,21.1,30.6
155,창원,2015-08-14,25.7,21.6,31.5
155,창원,2015-08-15,26.1,21.9,31.3
155,창원,2015-08-16,25.5,22.4,31.6
155,창원,2015-08-17,24.4,21.1,31
155,창원,2015-08-18,24.5,20.8,27.8
155,창원,2015-08-19,25.2,22.4,29.6
155,창원,2015-08-20,24.1,21.8,27.7
155,창원,2015-08-21,22.4,20.7,26.2
155,창원,2015-08-22,24.4,21.1,29.5
155,창원,2015-08-23,25.2,22.2,29.9
155,창원,2015-08-24,24.3,22,26.6
155,창원,2015-08-25,21.9,19.5,23.5
155,창원,2015-08-26,22.5,19.1,27.8
155,창원,2015-08-27,24.1,20.1,29.5
155,창원,2015-08-28,24.3,20.7,30.2
155,창원,2015-08-29,23.2,20.3,27.1
155,창원,2015-08-30,23.5,20.1,29.2
155,창원,2015-08-31,24.5,21.1,28.7
155,창원,2015-09-01,23.1,20.5,27.3
155,창원,2015-09-02,23.2,20.5,26.9
155,창원,2015-09-03,23.2,20,28.8
155,창원,2015-09-04,22.9,18.8,29
155,창원,2015-09-05,21.9,17.7,27.3
155,창원,2015-09-06,20.4,17.6,25
155,창원,2015-09-07,21.3,17.8,25.4
155,창원,2015-09-08,20.8,16.5,25
155,창원,2015-09-09,21.7,17.1,27.1
155,창원,2015-09-10,20.8,16.1,27.3
155,창원,2015-09-11,22.1,16.8,27.9
155,창원,2015-09-12,20.3,17.4,22.2
155,창원,2015-09-13,19.8,14.3,25.3
155,창원,2015-09-14,19.5,14.9,26.1
155,창원,2015-09-15,19.5,14.8,24.7
155,창원,2015-09-16,19.2,15.2,23.9
155,창원,2015-09-17,19.1,16.3,22.2
155,창원,2015-09-18,20.5,17.5,25.5
155,창원,2015-09-19,20.6,16.6,26.2
155,창원,2015-09-20,20.9,17.2,25.8
155,창원,2015-09-21,21.5,17.7,26.9
155,창원,2015-09-22,20.7,16.3,26.1
155,창원,2015-09-23,18,16.2,19.6
155,창원,2015-09-24,20.8,18.3,23
155,창원,2015-09-25,21.5,18.4,24.8
155,창원,2015-09-26,21.1,17.4,27.9
155,창원,2015-09-27,21,17.6,27.7
155,창원,2015-09-28,21.4,16.3,28.2
155,창원,2015-09-29,21.3,17.1,27.4
155,창원,2015-09-30,19.4,17.4,21.8
155,창원,2015-10-01,20.3,16.7,24.9
155,창원,2015-10-02,16.5,11.5,22.3
155,창원,2015-10-03,18.6,12.5,24.7
155,창원,2015-10-04,18.2,15.2,23.8
155,창원,2015-10-05,17.7,14.8,23.6
155,창원,2015-10-06,17.8,12.8,24.3
155,창원,2015-10-07,18.2,14.2,24.5
155,창원,2015-10-08,17.3,13.6,23.3
155,창원,2015-10-09,17.7,13.6,24
155,창원,2015-10-10,16.5,9.6,22.3
155,창원,2015-10-11,15.2,11.1,19.8
155,창원,2015-10-12,15.2,11.6,19.8
155,창원,2015-10-13,15.2,9.6,21.8
155,창원,2015-10-14,17,10.7,23.8
155,창원,2015-10-15,16.9,12.8,23.2
155,창원,2015-10-16,17.3,13.3,23.2
155,창원,2015-10-17,17,12.8,24.2
155,창원,2015-10-18,18,12.5,25.9
155,창원,2015-10-19,17.5,12.9,23.9
155,창원,2015-10-20,18.8,14.5,25.1
155,창원,2015-10-21,18.4,13.9,24
155,창원,2015-10-22,17.3,14.2,22.1
155,창원,2015-10-23,16.9,12.9,23.3
155,창원,2015-10-24,17.8,12.6,23.7
155,창원,2015-10-25,16.4,13.6,20.8
155,창원,2015-10-26,14.5,10.5,20.3
155,창원,2015-10-27,14.9,11.3,21.3
155,창원,2015-10-28,12.8,8.1,17.4
155,창원,2015-10-29,13.7,9.6,17.8
155,창원,2015-10-30,10.8,7.1,15.4
155,창원,2015-10-31,8.3,4.1,13.1
155,창원,2015-11-01,8,4.5,10.7
155,창원,2015-11-02,10.6,4.3,16.4
155,창원,2015-11-03,12.6,7.7,18.9
155,창원,2015-11-04,12.8,7.4,19.8
155,창원,2015-11-05,15.1,10.3,21.4
155,창원,2015-11-06,15.2,11,20.2
155,창원,2015-11-07,13.8,12.5,14.8
155,창원,2015-11-08,14.5,13.2,16
155,창원,2015-11-09,14.4,11.9,18.7
155,창원,2015-11-10,13.6,10.1,16.9
155,창원,2015-11-11,13.8,9,17.6
155,창원,2015-11-12,15.4,11.1,19
155,창원,2015-11-13,12.5,10.9,15.3
155,창원,2015-11-14,14.7,12.3,17
155,창원,2015-11-15,14.7,11.5,18.5
155,창원,2015-11-16,14.5,11.1,18.5
155,창원,2015-11-17,15.6,14.5,16.4
155,창원,2015-11-18,12.8,10.8,15
155,창원,2015-11-19,12.1,10.5,14.2
155,창원,2015-11-20,12.8,10.1,17.9
155,창원,2015-11-21,11.2,8.5,13.2
155,창원,2015-11-22,13,10.1,17.7
155,창원,2015-11-23,13.4,11.7,15.8
155,창원,2015-11-24,11.6,9.4,14.7
155,창원,2015-11-25,7.6,6,9.4
155,창원,2015-11-26,2.4,-.7,6.5
155,창원,2015-11-27,3.4,-1.1,8.2
155,창원,2015-11-28,5.2,.7,10.2
155,창원,2015-11-29,6.9,3.1,12.1
155,창원,2015-11-30,9.5,5.2,15.2
155,창원,2015-12-01,8.2,3.4,14.2
155,창원,2015-12-02,10.1,6.6,13.9
155,창원,2015-12-03,4.6,1.9,8.1
155,창원,2015-12-04,4.5,1.3,8.2
155,창원,2015-12-05,6.3,2.2,9.1
155,창원,2015-12-06,5.7,3.8,8.3
155,창원,2015-12-07,6.7,.7,12.9
155,창원,2015-12-08,8.7,4.7,13.5
155,창원,2015-12-09,8.8,4,13.3
155,창원,2015-12-10,9.5,7.9,11.8
155,창원,2015-12-11,9.1,5,11.9
155,창원,2015-12-12,6.9,2.3,11.4
155,창원,2015-12-13,8.3,5.9,12.8
155,창원,2015-12-14,8.2,5.4,10.3
155,창원,2015-12-15,8.4,5,11.8
155,창원,2015-12-16,3.3,-1.1,7.1
155,창원,2015-12-17,-.6,-3.5,3.4
155,창원,2015-12-18,1.1,-4.3,5.5
155,창원,2015-12-19,4.1,-.1,9
155,창원,2015-12-20,3,.9,4.4
155,창원,2015-12-21,6.4,2.6,12.7
155,창원,2015-12-22,6.4,.8,12.3
155,창원,2015-12-23,8,5.6,10.6
155,창원,2015-12-24,7,4,11.3
155,창원,2015-12-25,3.4,.3,8.2
155,창원,2015-12-26,5.8,-.8,11.1
155,창원,2015-12-27,3.3,-.8,6.9
155,창원,2015-12-28,-.8,-4.1,4.1
155,창원,2015-12-29,.7,-3.4,5.4
155,창원,2015-12-30,1.7,-1.9,6.8
155,창원,2015-12-31,3.3,-.3,7.9
